student_id,course_id,n_contributions,total_words,avg_words_per_contribution,lexical_diversity,analytical_keyword_density,engagement_consistency,chat_count,attendance_ratio,speaking_seconds,semantic_similarity,has_transcript,has_chat,has_attendance,has_reference,speaking_time_available,programme,cohort,participation_score
STU0062,MMBA8-DA2,67.0,1062.0,15.850746268656716,13.317646138929076,0.011299435028248588,0.44675364200445855,35.0,0.9285714285714286,346.0,0.010961684808494332,1,1,1,1,1,MMBA,MMBA8,23.0
STU0063,MMBA8-DA2,0.0,0.0,0.0,0.0,0.0,0.0,2.0,0.7857142857142857,0.0,,0,1,1,0,1,MMBA,MMBA8,20.0
STU0071,MMBA8-DA2,2.0,24.0,12.0,4.4907311951024935,0.0,1.0,4.0,0.21428571428571427,11.0,0.0,1,1,1,1,1,MMBA,MMBA8,24.0
STU0010,MMBA8-DA2,36.0,780.0,21.666666666666668,11.95911839645853,0.01540436456996149,0.0,10.0,0.8571428571428571,279.0,0.0,1,1,1,1,1,MMBA,MMBA8,22.0
STU0061,MMBA8-DA2,45.0,421.0,9.355555555555556,9.552455505040154,0.023752969121140142,0.25475443879077164,28.0,0.9285714285714286,168.0,0.021159638106725352,1,1,1,1,1,MMBA,MMBA8,20.0
STU0036,MMBA8-DA2,4.0,22.0,5.5,2.345207879911715,0.09090909090909091,1.0,31.0,0.8571428571428571,16.0,0.20351729539102903,1,1,1,1,1,MMBA,MMBA8,19.0
STU0005,MMBA8-DA2,12.0,182.0,15.166666666666666,7.931367688273783,0.04395604395604396,0.05719095841793653,6.0,0.7857142857142857,70.0,0.0,1,1,1,1,1,MMBA,MMBA8,28.0
STU0028,MMBA8-DA2,0.0,0.0,0.0,0.0,0.0,0.0,28.0,0.6428571428571429,0.0,,0,1,1,0,1,MMBA,MMBA8,22.0
STU0039,MMBA8-DA2,14.0,65.0,4.642857142857143,5.953667260282006,0.0,0.2440710539815455,14.0,0.9285714285714286,19.0,0.0,1,1,1,1,1,MMBA,MMBA8,20.0
STU0043,MMBA8-DA2,14.0,203.0,14.5,9.545328726272912,0.014778325123152709,0.7979694910895578,14.0,1.0,77.0,0.00240922204467882,1,1,1,1,1,MMBA,MMBA8,22.0
STU0065,MMBA8-DA2,0.0,0.0,0.0,0.0,0.0,0.0,0.0,0.6428571428571429,0.0,,0,0,1,0,1,MMBA,MMBA8,24.0
STU0054,MMBA8-DA2,4.0,13.0,3.25,3.6055512754639896,0.0,1.0,4.0,0.2857142857142857,5.0,0.0,1,1,1,1,1,MMBA,MMBA8,20.0
STU0066,MMBA8-DA2,1.0,12.0,12.0,3.464101615137755,0.0,1.0,10.0,0.8571428571428571,3.0,0.0,1,1,1,1,1,MMBA,MMBA8,26.0
STU0072,MMBA8-DA2,1252.0,16676.0,13.319488817891374,11.708623683149527,0.0351403214200048,0.0,11.0,1.0,6798.0,0.010446993703192471,1,1,1,1,1,MMBA,MMBA8,19.0
STU0007,MMBA8-DA2,38.0,770.0,20.263157894736842,12.288786991167424,0.02207792207792208,0.0,37.0,0.8571428571428571,309.0,0.020689955973268673,1,1,1,1,1,MMBA,MMBA8,22.0
STU0015,MMBA8-DA2,14.0,58.0,4.142857142857143,5.120950881529179,0.0,0.0,2.0,1.0,19.0,0.0,1,1,1,1,1,MMBA,MMBA8,23.0
STU0067,MMBA8-DA2,24.0,388.0,16.166666666666668,11.321109741239853,0.03350515463917526,0.0,59.0,0.9285714285714286,166.0,0.010295918153886354,1,1,1,1,1,MMBA,MMBA8,20.0
STU0002,MMBA8-DA2,0.0,0.0,0.0,0.0,0.0,0.0,1.0,0.9285714285714286,0.0,,0,1,1,0,1,MMBA,MMBA8,20.0
STU0029,MMBA8-DA2,2.0,14.0,7.0,1.8708286933869707,0.0,1.0,5.0,0.9285714285714286,4.0,0.0,1,1,1,1,1,MMBA,MMBA8,19.0
STU0006,MMBA8-DA2,35.0,567.0,16.2,11.884882873512367,0.012345679012345678,0.020204102886728803,15.0,0.8571428571428571,183.0,0.0,1,1,1,1,1,MMBA,MMBA8,20.0
STU0041,MMBA8-DA2,10.0,155.0,15.5,6.5060765641102405,0.0,0.6535898384862247,3.0,0.9285714285714286,56.0,0.0,1,1,1,1,1,MMBA,MMBA8,23.0
STU0032,MMBA8-DA2,0.0,0.0,0.0,0.0,0.0,0.0,7.0,0.9285714285714286,0.0,,0,1,1,0,1,MMBA,MMBA8,19.0
STU0025,MMBA8-DA2,0.0,0.0,0.0,0.0,0.0,0.0,0.0,0.6428571428571429,0.0,,0,0,1,0,1,MMBA,MMBA8,23.0
STU0034,MMBA8-DA2,23.0,341.0,14.826086956521738,9.85585257154466,0.017595307917888565,0.13152241932877484,3.0,0.9285714285714286,118.0,0.0,1,1,1,1,1,MMBA,MMBA8,20.0
STU0027,MMBA8-DA2,0.0,0.0,0.0,0.0,0.0,0.0,1.0,1.0,0.0,,0,1,1,0,1,MMBA,MMBA8,19.0
STU0049,MMBA8-DA2,0.0,0.0,0.0,0.0,0.0,0.0,0.0,0.0,0.0,,0,0,0,0,1,MMBA,MMBA8,21.0
STU0042,MMBA8-DA2,11.0,376.0,34.18181818181818,8.921793780138563,0.02925531914893617,0.0,9.0,0.7857142857142857,134.0,0.027393485887354917,1,1,1,1,1,MMBA,MMBA8,23.0
STU0068,MMBA8-DA2,10.0,74.0,7.4,3.719924439802217,0.0,1.0,0.0,0.8571428571428571,36.0,0.019062634273399406,1,0,1,1,1,MMBA,MMBA8,20.0
STU0017,MMBA8-DA2,60.0,842.0,14.033333333333333,11.096852820408799,0.021377672209026127,0.0,7.0,0.8571428571428571,274.0,0.013040115342596912,1,1,1,1,1,MMBA,MMBA8,25.0
STU0003,MMBA8-DA2,8.0,10.0,1.25,1.5811388300841895,0.0,1.0,2.0,0.9285714285714286,10.0,0.0,1,1,1,1,1,MMBA,MMBA8,22.0
STU0069,MMBA8-DA2,27.0,465.0,17.22222222222222,10.52687293375582,0.002150537634408602,0.0,4.0,1.0,180.0,0.0,1,1,1,1,1,MMBA,MMBA8,20.0
STU0058,MMBA8-DA2,1.0,1.0,1.0,1.0,0.0,1.0,6.0,0.21428571428571427,1.0,0.0,1,1,1,1,1,MMBA,MMBA8,22.0
STU0008,MMBA8-DA2,41.0,447.0,10.902439024390244,10.92592508331329,0.008948545861297539,0.3401097922698203,17.0,0.9285714285714286,156.0,0.039095264399335944,1,1,1,1,1,MMBA,MMBA8,24.0
STU0050,MMBA8-DA2,0.0,0.0,0.0,0.0,0.0,0.0,0.0,0.9285714285714286,0.0,,0,0,1,0,1,MMBA,MMBA8,22.0
STU0070,MMBA8-DA2,6.0,21.0,3.5,3.2732683535398857,0.0,0.6150998205402496,4.0,0.5714285714285714,9.0,0.0,1,1,1,1,1,MMBA,MMBA8,26.0
STU0011,MMBA8-DA2,0.0,0.0,0.0,0.0,0.0,0.0,3.0,0.7142857142857143,0.0,,0,1,1,0,1,MMBA,MMBA8,23.0
STU0046,MMBA8-DA2,0.0,0.0,0.0,0.0,0.0,0.0,2.0,1.0,0.0,,0,1,1,0,1,MMBA,MMBA8,20.0
STU0057,MMBA8-DA2,0.0,0.0,0.0,0.0,0.0,0.0,1.0,0.9285714285714286,0.0,,0,1,1,0,1,MMBA,MMBA8,20.0
STU0023,MMBA8-DA2,1.0,2.0,2.0,1.414213562373095,0.0,1.0,1.0,0.6428571428571429,1.0,0.0,1,1,1,1,1,MMBA,MMBA8,24.0
STU0037,MMBA8-DA2,24.0,462.0,19.25,10.328374735423026,0.023809523809523808,1.0,3.0,0.5714285714285714,162.0,0.0,1,1,1,1,1,MMBA,MMBA8,20.0
STU0052,MMBA8-DA2,2.0,6.0,3.0,2.4494897427831783,0.0,1.0,3.0,0.7857142857142857,3.0,0.0,1,1,1,1,1,MMBA,MMBA8,20.0
STU0012,MMBA8-DA2,57.0,843.0,14.789473684210526,12.502384114276976,0.02491103202846975,0.4118226451143786,10.0,0.7142857142857143,328.0,0.0,1,1,1,1,1,MMBA,MMBA8,27.0
STU0013,MMBA8-DA2,10.0,201.0,20.1,8.67575107506076,0.004975124378109453,0.0,7.0,0.7142857142857143,72.0,0.021610540343976685,1,1,1,1,1,MMBA,MMBA8,25.0
STU0051,MMBA8-DA2,4.0,24.0,6.0,4.08248290463863,0.0,1.0,6.0,0.7857142857142857,7.0,0.0,1,1,1,1,1,MMBA,MMBA8,21.0
STU0053,MMBA8-DA2,164.0,1301.0,7.932926829268292,13.252238654734121,0.023059185242121444,0.0,53.0,1.0,535.0,0.003966943540939748,1,1,1,1,1,MMBA,MMBA8,24.0
STU0004,MMBA8-DA2,4.0,32.0,8.0,2.2980970388562794,0.0,1.0,3.0,0.2857142857142857,10.0,0.0,1,1,1,1,1,MMBA,MMBA8,19.0
STU0024,MMBA8-DA2,1.0,4.0,4.0,2.0,0.0,1.0,3.0,0.7857142857142857,3.0,0.0,1,1,1,1,1,MMBA,MMBA8,26.0
STU0014,MMBA8-DA2,45.0,362.0,8.044444444444444,7.410795470309678,0.011049723756906077,0.0,16.0,0.7857142857142857,123.0,0.0066109512894912854,1,1,1,1,1,MMBA,MMBA8,22.0
STU0001,MMBA8-DA2,205.0,2166.0,10.565853658536586,13.90192862790102,0.015235457063711912,0.4986514319611569,3.0,0.7857142857142857,1087.0,0.06364359451112768,1,1,1,1,1,MMBA,MMBA8,22.0
STU0031,MMBA8-DA2,0.0,0.0,0.0,0.0,0.0,0.0,4.0,0.8571428571428571,0.0,,0,1,1,0,1,MMBA,MMBA8,21.0
STU0009,MMBA8-DA2,18.0,314.0,17.444444444444443,7.674924012570165,0.04777070063694268,1.0,20.0,0.7857142857142857,106.0,0.06868884814517365,1,1,1,1,1,MMBA,MMBA8,26.0
STU0021,MMBA8-DA2,9.0,98.0,10.88888888888889,7.0710678118654755,0.02040816326530612,0.0,7.0,0.8571428571428571,48.0,0.10059536477433004,1,1,1,1,1,MMBA,MMBA8,25.0
STU0064,MMBA8-DA2,18.0,264.0,14.666666666666666,10.339685242263949,0.011363636363636364,0.0,13.0,0.9285714285714286,102.0,0.034211522020781836,1,1,1,1,1,MMBA,MMBA8,23.0
STU0026,MMBA8-DA2,0.0,0.0,0.0,0.0,0.0,0.0,4.0,0.8571428571428571,0.0,,0,1,1,0,1,MMBA,MMBA8,24.0
STU0018,MMBA8-DA2,62.0,1014.0,16.35483870967742,13.566404729260679,0.03057199211045365,0.14653183514045476,61.0,0.7857142857142857,354.0,0.008748625121342005,1,1,1,1,1,MMBA,MMBA8,25.0
STU0016,MMBA8-DA2,2.0,20.0,10.0,3.801315561749642,0.15,1.0,1.0,0.6428571428571429,6.0,0.4561923340245335,1,1,1,1,1,MMBA,MMBA8,26.0
STU0048,MMBA8-DA2,0.0,0.0,0.0,0.0,0.0,0.0,9.0,0.35714285714285715,0.0,,0,1,1,0,1,MMBA,MMBA8,21.0
STU0038,MMBA8-DA2,46.0,704.0,15.304347826086957,12.55040971804941,0.029829545454545456,0.2729893924842267,15.0,0.8571428571428571,231.0,0.0027276839862333565,1,1,1,1,1,MMBA,MMBA8,20.0
STU0035,MMBA8-DA2,5.0,26.0,5.2,4.510671108178233,0.0,1.0,42.0,0.9285714285714286,12.0,0.0,1,1,1,1,1,MMBA,MMBA8,21.0
STU0056,MMBA8-DA2,11.0,282.0,25.636363636363637,8.753722612378581,0.02127659574468085,0.19368880632423813,1.0,0.9285714285714286,88.0,0.010043685568905811,1,1,1,1,1,MMBA,MMBA8,25.0
STU0020,MMBA8-DA2,20.0,239.0,11.95,9.638008787561947,0.02510460251046025,0.3168699489360267,61.0,1.0,88.0,0.08562017251629382,1,1,1,1,1,MMBA,MMBA8,21.0
STU0033,MMBA8-DA2,10.0,29.0,2.9,5.0137741307804005,0.0,0.1514718625761431,0.0,0.8571428571428571,14.0,0.0,1,0,1,1,1,MMBA,MMBA8,19.0
STU0030,MMBA8-DA2,2.0,5.0,2.5,1.7888543819998317,0.0,1.0,2.0,0.5,2.0,0.0,1,1,1,1,1,MMBA,MMBA8,24.0
STU0060,MMBA8-DA2,0.0,0.0,0.0,0.0,0.0,0.0,0.0,0.9285714285714286,0.0,,0,0,1,0,1,MMBA,MMBA8,20.0
STU0045,MMBA8-DA2,2.0,4.0,2.0,1.0,0.0,1.0,1.0,0.8571428571428571,2.0,0.0,1,1,1,1,1,MMBA,MMBA8,21.0
STU0047,MMBA8-DA2,38.0,485.0,12.763157894736842,10.943246281394647,0.030927835051546393,0.0,9.0,0.8571428571428571,158.0,0.0,1,1,1,1,1,MMBA,MMBA8,23.0
STU0019,MMBA8-DA2,18.0,101.0,5.611111111111111,7.064764050490923,0.0297029702970297,0.07203927286166312,15.0,0.9285714285714286,44.0,0.05176617462557145,1,1,1,1,1,MMBA,MMBA8,21.0
STU0055,MMBA8-DA2,101.0,1595.0,15.792079207920793,11.092345351270376,0.04012539184952978,0.0,20.0,0.8571428571428571,653.0,0.030636054352333787,1,1,1,1,1,MMBA,MMBA8,22.0
STU0022,MMBA8-DA2,145.0,1337.0,9.220689655172414,14.850262344410988,0.018698578908002993,0.0,7.0,0.8571428571428571,521.0,0.022576006165421627,1,1,1,1,1,MMBA,MMBA8,26.0
STU0059,MMBA8-DA2,92.0,1257.0,13.66304347826087,13.228335585806853,0.031821797931583136,0.0,5.0,0.8571428571428571,504.0,0.011611931298492237,1,1,1,1,1,MMBA,MMBA8,24.0
STU0062,MMBA8-STRAT,49.0,388.0,7.918367346938775,9.341184719229297,0.020618556701030927,0.0,71.0,0.9230769230769231,146.0,0.0020868062358783677,1,1,1,1,1,MMBA,MMBA8,18.0
STU0063,MMBA8-STRAT,15.0,264.0,17.6,8.61640436855329,0.026515151515151516,1.0,17.0,0.8461538461538461,85.0,0.0,1,1,1,1,1,MMBA,MMBA8,17.0
STU0071,MMBA8-STRAT,67.0,1425.0,21.26865671641791,14.357930750585076,0.04,0.0,9.0,0.6923076923076923,595.0,0.06332277749803499,1,1,1,1,1,MMBA,MMBA8,18.0
STU0010,MMBA8-STRAT,43.0,605.0,14.069767441860465,10.895749417635338,0.019834710743801654,0.0,43.0,0.8461538461538461,215.0,0.026922930153181496,1,1,1,1,1,MMBA,MMBA8,17.0
STU0061,MMBA8-STRAT,39.0,295.0,7.564102564102564,7.860003881484357,0.006779661016949152,0.0,48.0,0.8461538461538461,123.0,0.0,1,1,1,1,1,MMBA,MMBA8,19.0
STU0036,MMBA8-STRAT,0.0,0.0,0.0,0.0,0.0,0.0,22.0,0.7692307692307693,0.0,,0,1,1,0,1,MMBA,MMBA8,19.0
STU0005,MMBA8-STRAT,161.0,2742.0,17.03105590062112,15.907842269148324,0.024434719183078046,0.055076909408519614,14.0,0.7692307692307693,1108.0,0.033752380757261356,1,1,1,1,1,MMBA,MMBA8,19.0
STU0028,MMBA8-STRAT,12.0,132.0,11.0,7.572378034072856,0.0,0.18776713793258626,85.0,0.6923076923076923,47.0,0.0,1,1,1,1,1,MMBA,MMBA8,18.0
STU0039,MMBA8-STRAT,43.0,479.0,11.13953488372093,6.625219104581831,0.04592901878914405,0.0,50.0,0.8461538461538461,191.0,0.0,1,1,1,1,1,MMBA,MMBA8,19.0
STU0043,MMBA8-STRAT,11.0,397.0,36.09090909090909,7.6788498823959825,0.022670025188916875,0.3136514149753864,6.0,0.8461538461538461,133.0,0.0,1,1,1,1,1,MMBA,MMBA8,17.0
STU0065,MMBA8-STRAT,2.0,5.0,2.5,2.23606797749979,0.0,1.0,2.0,0.6923076923076923,3.0,0.0,1,1,1,1,1,MMBA,MMBA8,16.0
STU0054,MMBA8-STRAT,0.0,0.0,0.0,0.0,0.0,0.0,4.0,0.7692307692307693,0.0,,0,1,1,0,1,MMBA,MMBA8,18.0
STU0066,MMBA8-STRAT,12.0,214.0,17.833333333333332,5.673763194304705,0.009345794392523364,0.0,14.0,0.6923076923076923,92.0,0.0,1,1,1,1,1,MMBA,MMBA8,18.0
STU0072,MMBA8-STRAT,764.0,12327.0,16.134816753926703,12.213242815608412,0.022714366837024418,0.0,51.0,0.8461538461538461,4462.0,0.0,1,1,1,1,1,MMBA,MMBA8,17.0
STU0007,MMBA8-STRAT,22.0,175.0,7.954545454545454,7.63488235478639,0.017142857142857144,0.6850816713511132,56.0,0.7692307692307693,76.0,0.0,1,1,1,1,1,MMBA,MMBA8,19.0
STU0015,MMBA8-STRAT,16.0,415.0,25.9375,10.652111052721807,0.02650602409638554,1.0,13.0,0.8461538461538461,152.0,0.022662697470512746,1,1,1,1,1,MMBA,MMBA8,16.0
STU0067,MMBA8-STRAT,63.0,1214.0,19.26984126984127,12.915260503431558,0.026359143327841845,0.11808289631180302,50.0,0.7692307692307693,537.0,0.04876849398435168,1,1,1,1,1,MMBA,MMBA8,20.0
STU0002,MMBA8-STRAT,1.0,4.0,4.0,2.0,0.0,1.0,0.0,0.8461538461538461,1.0,0.0,1,0,1,1,1,MMBA,MMBA8,19.0
STU0029,MMBA8-STRAT,14.0,118.0,8.428571428571429,4.418758165911952,0.0,1.0,4.0,0.8461538461538461,40.0,0.0,1,1,1,1,1,MMBA,MMBA8,17.0
STU0006,MMBA8-STRAT,18.0,162.0,9.0,8.171011693711216,0.012345679012345678,0.3007941012198989,20.0,0.8461538461538461,60.0,0.0,1,1,1,1,1,MMBA,MMBA8,18.0
STU0041,MMBA8-STRAT,21.0,493.0,23.476190476190474,10.358679029554034,0.018255578093306288,0.3453463292920229,1.0,0.6923076923076923,176.0,0.019219736731830122,1,1,1,1,1,MMBA,MMBA8,16.0
STU0032,MMBA8-STRAT,1.0,4.0,4.0,2.0,0.0,1.0,5.0,0.8461538461538461,1.0,0.0,1,1,1,1,1,MMBA,MMBA8,17.0
STU0025,MMBA8-STRAT,42.0,1343.0,31.976190476190474,13.2070966279604,0.03052866716306776,0.8653129940597052,4.0,0.8461538461538461,407.0,0.04118388402938597,1,1,1,1,1,MMBA,MMBA8,17.0
STU0034,MMBA8-STRAT,40.0,706.0,17.65,6.6991183725053345,0.036827195467422094,1.0,0.0,0.9230769230769231,288.0,0.0,1,0,1,1,1,MMBA,MMBA8,16.0
STU0027,MMBA8-STRAT,15.0,345.0,23.0,5.491495400993288,0.034782608695652174,0.15147186257614298,4.0,0.7692307692307693,133.0,0.0,1,1,1,1,1,MMBA,MMBA8,17.0
STU0049,MMBA8-STRAT,0.0,0.0,0.0,0.0,0.0,0.0,0.0,0.0,0.0,,0,0,0,0,1,MMBA,MMBA8,18.0
STU0042,MMBA8-STRAT,25.0,922.0,36.88,9.847040582984825,0.02386117136659436,0.6040202025355335,5.0,0.6153846153846154,351.0,0.0786070957909305,1,1,1,1,1,MMBA,MMBA8,17.0
STU0068,MMBA8-STRAT,0.0,0.0,0.0,0.0,0.0,0.0,3.0,0.7692307692307693,0.0,,0,1,1,0,1,MMBA,MMBA8,20.0
STU0017,MMBA8-STRAT,40.0,726.0,18.15,13.175285737697397,0.03168044077134986,0.3450190842474875,18.0,0.8461538461538461,238.0,0.013003968876850463,1,1,1,1,1,MMBA,MMBA8,19.0
STU0003,MMBA8-STRAT,1.0,1.0,1.0,1.0,0.0,1.0,1.0,0.8461538461538461,1.0,0.0,1,1,1,1,1,MMBA,MMBA8,16.0
STU0069,MMBA8-STRAT,4.0,160.0,40.0,4.348131782731521,0.0125,1.0,32.0,0.8461538461538461,56.0,0.0,1,1,1,1,1,MMBA,MMBA8,16.0
STU0058,MMBA8-STRAT,0.0,0.0,0.0,0.0,0.0,0.0,3.0,0.38461538461538464,0.0,,0,1,1,0,1,MMBA,MMBA8,18.0
STU0008,MMBA8-STRAT,32.0,368.0,11.5,7.871419130654573,0.021739130434782608,0.07508446331570362,11.0,0.8461538461538461,155.0,0.07473833429183993,1,1,1,1,1,MMBA,MMBA8,14.0
STU0050,MMBA8-STRAT,0.0,0.0,0.0,0.0,0.0,0.0,2.0,0.7692307692307693,0.0,,0,1,1,0,1,MMBA,MMBA8,17.0
STU0070,MMBA8-STRAT,14.0,247.0,17.642857142857142,6.9355039164359775,0.032388663967611336,0.47027153663602406,7.0,0.6153846153846154,92.0,0.005754384037998517,1,1,1,1,1,MMBA,MMBA8,20.0
STU0011,MMBA8-STRAT,12.0,146.0,12.166666666666666,4.800114153893734,0.0547945205479452,1.0,17.0,0.7692307692307693,58.0,0.0,1,1,1,1,1,MMBA,MMBA8,18.0
STU0046,MMBA8-STRAT,8.0,108.0,13.5,7.216878364870322,0.037037037037037035,0.0,3.0,0.7692307692307693,39.0,0.028792075410440817,1,1,1,1,1,MMBA,MMBA8,16.0
STU0057,MMBA8-STRAT,6.0,90.0,15.0,4.005551702879947,0.0,1.0,0.0,0.8461538461538461,40.0,0.0,1,0,1,1,1,MMBA,MMBA8,16.0
STU0023,MMBA8-STRAT,26.0,531.0,20.423076923076923,8.896242250356297,0.018832391713747645,0.6736430240677473,2.0,0.6923076923076923,179.0,0.0,1,1,1,1,1,MMBA,MMBA8,15.0
STU0037,MMBA8-STRAT,22.0,315.0,14.318181818181818,9.409384035977483,0.012698412698412698,0.614305392080065,7.0,0.8461538461538461,119.0,0.0,1,1,1,1,1,MMBA,MMBA8,19.0
STU0052,MMBA8-STRAT,50.0,655.0,13.1,9.8464547810735,0.030534351145038167,0.1571476997717809,45.0,0.6153846153846154,240.0,0.0,1,1,1,1,1,MMBA,MMBA8,20.0
STU0012,MMBA8-STRAT,19.0,50.0,2.6315789473684212,5.79827560572969,0.0,0.05438759235891766,34.0,0.7692307692307693,22.0,0.0,1,1,1,1,1,MMBA,MMBA8,14.0
STU0013,MMBA8-STRAT,15.0,128.0,8.533333333333333,7.7781745930520225,0.015625,0.02817468419244984,30.0,0.6923076923076923,55.0,0.0,1,1,1,1,1,MMBA,MMBA8,15.0
STU0051,MMBA8-STRAT,24.0,403.0,16.791666666666668,6.575388354304676,0.019851116625310174,0.05627069559115627,12.0,0.7692307692307693,149.0,0.0,1,1,1,1,1,MMBA,MMBA8,16.0
STU0053,MMBA8-STRAT,206.0,1506.0,7.310679611650485,16.69792553377437,0.01859229747675963,0.0,125.0,0.9230769230769231,591.0,0.007716928622715474,1,1,1,1,1,MMBA,MMBA8,16.0
STU0004,MMBA8-STRAT,105.0,2394.0,22.8,15.512425288969636,0.03383458646616541,0.0,37.0,0.8461538461538461,893.0,0.056804267460613865,1,1,1,1,1,MMBA,MMBA8,17.0
STU0024,MMBA8-STRAT,26.0,516.0,19.846153846153847,12.326312688558733,0.023255813953488372,0.0,1.0,0.9230769230769231,202.0,0.07315785132643429,1,1,1,1,1,MMBA,MMBA8,16.0
STU0014,MMBA8-STRAT,24.0,206.0,8.583333333333334,6.967330142916177,0.024271844660194174,0.07804555427071125,19.0,0.8461538461538461,75.0,0.0,1,1,1,1,1,MMBA,MMBA8,15.0
STU0001,MMBA8-STRAT,176.0,2031.0,11.539772727272727,14.556228944448842,0.015263417035942885,0.0,1.0,0.7692307692307693,989.0,0.007624738955735503,1,1,1,1,1,MMBA,MMBA8,19.0
STU0031,MMBA8-STRAT,0.0,0.0,0.0,0.0,0.0,0.0,5.0,0.8461538461538461,0.0,,0,1,1,0,1,MMBA,MMBA8,15.0
STU0009,MMBA8-STRAT,26.0,610.0,23.46153846153846,8.786073182441239,0.021311475409836064,0.2672092737208597,20.0,0.8461538461538461,185.0,0.023771231428784,1,1,1,1,1,MMBA,MMBA8,19.0
STU0021,MMBA8-STRAT,56.0,807.0,14.410714285714286,12.637398521367293,0.040892193308550186,0.2020434260703462,32.0,0.8461538461538461,338.0,0.024161718530001406,1,1,1,1,1,MMBA,MMBA8,20.0
STU0064,MMBA8-STRAT,107.0,1854.0,17.327102803738317,16.651919041569663,0.04908306364617044,0.09232655627494146,18.0,0.8461538461538461,821.0,0.041577331431165786,1,1,1,1,1,MMBA,MMBA8,15.0
STU0026,MMBA8-STRAT,6.0,23.0,3.8333333333333335,4.170288281141495,0.0,1.0,9.0,0.8461538461538461,11.0,0.0,1,1,1,1,1,MMBA,MMBA8,17.0
STU0018,MMBA8-STRAT,50.0,497.0,9.94,10.541190644382029,0.03219315895372234,0.21897503240933458,110.0,0.8461538461538461,191.0,0.0,1,1,1,1,1,MMBA,MMBA8,21.0
STU0016,MMBA8-STRAT,32.0,327.0,10.21875,11.94482729396155,0.01529051987767584,0.11198298510107363,13.0,0.6923076923076923,130.0,0.0064401865208045025,1,1,1,1,1,MMBA,MMBA8,15.0
STU0048,MMBA8-STRAT,12.0,197.0,16.416666666666668,7.480940248730513,0.025380710659898477,0.75,14.0,0.9230769230769231,78.0,0.0053353147769586344,1,1,1,1,1,MMBA,MMBA8,20.0
STU0038,MMBA8-STRAT,68.0,1176.0,17.294117647058822,12.655697004379753,0.03316326530612245,0.23479936819131197,26.0,0.8461538461538461,412.0,0.009524956246896801,1,1,1,1,1,MMBA,MMBA8,20.0
STU0035,MMBA8-STRAT,0.0,0.0,0.0,0.0,0.0,0.0,24.0,0.8461538461538461,0.0,,0,1,1,0,1,MMBA,MMBA8,15.0
STU0056,MMBA8-STRAT,9.0,315.0,35.0,7.324670207647143,0.0031746031746031746,0.8428651597363228,5.0,0.9230769230769231,108.0,0.0,1,1,1,1,1,MMBA,MMBA8,15.0
STU0020,MMBA8-STRAT,29.0,435.0,15.0,6.185076589161455,0.009195402298850575,0.15746263980202646,33.0,0.8461538461538461,153.0,0.0,1,1,1,1,1,MMBA,MMBA8,19.0
STU0033,MMBA8-STRAT,13.0,120.0,9.23076923076923,7.6681158050723255,0.008333333333333333,0.0,3.0,0.9230769230769231,42.0,0.0,1,1,1,1,1,MMBA,MMBA8,20.0
STU0030,MMBA8-STRAT,0.0,0.0,0.0,0.0,0.0,0.0,3.0,0.3076923076923077,0.0,,0,1,1,0,1,MMBA,MMBA8,16.0
STU0060,MMBA8-STRAT,11.0,184.0,16.727272727272727,8.920238347371276,0.03260869565217391,0.35717565346677493,0.0,0.6153846153846154,62.0,0.0464607039748587,1,0,1,1,1,MMBA,MMBA8,18.0
STU0045,MMBA8-STRAT,16.0,174.0,10.875,4.700207870189201,0.04597701149425287,1.0,3.0,0.8461538461538461,87.0,0.0,1,1,1,1,1,MMBA,MMBA8,18.0
STU0047,MMBA8-STRAT,44.0,451.0,10.25,7.910811037046586,0.04212860310421286,0.0,33.0,0.8461538461538461,178.0,0.0,1,1,1,1,1,MMBA,MMBA8,17.0
STU0019,MMBA8-STRAT,11.0,246.0,22.363636363636363,10.264985080319747,0.052845528455284556,0.0,18.0,0.8461538461538461,91.0,0.0524890541097606,1,1,1,1,1,MMBA,MMBA8,19.0
STU0055,MMBA8-STRAT,119.0,2035.0,17.100840336134453,17.179855067707066,0.03636363636363636,0.0,42.0,0.8461538461538461,898.0,0.0475132967192482,1,1,1,1,1,MMBA,MMBA8,19.0
STU0022,MMBA8-STRAT,35.0,377.0,10.771428571428572,10.86705287537916,0.015915119363395226,0.41971154252600285,6.0,0.8461538461538461,158.0,0.014165848093692462,1,1,1,1,1,MMBA,MMBA8,20.0
STU0059,MMBA8-STRAT,35.0,562.0,16.057142857142857,12.654736218287935,0.02491103202846975,0.699433641179819,27.0,0.7692307692307693,239.0,0.022736481025283143,1,1,1,1,1,MMBA,MMBA8,18.0
STU0062,MMBA8-EEGB,84.0,748.0,8.904761904761905,7.6783604533348715,0.0427807486631016,0.32236907282106153,18.0,0.9375,306.0,0.02724498294270559,1,1,1,1,1,MMBA,MMBA8,21.0
STU0063,MMBA8-EEGB,0.0,0.0,0.0,0.0,0.0,0.0,5.0,0.875,0.0,,0,1,1,0,1,MMBA,MMBA8,19.0
STU0071,MMBA8-EEGB,46.0,458.0,9.956521739130435,6.588497320575569,0.05240174672489083,0.07768680714798148,9.0,0.9375,202.0,0.05828804862386794,1,1,1,1,1,MMBA,MMBA8,19.0
STU0010,MMBA8-EEGB,90.0,1582.0,17.57777777777778,9.528750825173399,0.03034134007585335,0.0,18.0,0.9375,590.0,0.016296543550868625,1,1,1,1,1,MMBA,MMBA8,22.0
STU0061,MMBA8-EEGB,72.0,770.0,10.694444444444445,7.567874686642695,0.01818181818181818,0.1073214464321437,15.0,0.9375,312.0,0.004825097210421806,1,1,1,1,1,MMBA,MMBA8,22.0
STU0036,MMBA8-EEGB,16.0,116.0,7.25,4.178145108983667,0.017241379310344827,1.0,6.0,0.9375,56.0,0.07782131611388154,1,1,1,1,1,MMBA,MMBA8,19.0
STU0005,MMBA8-EEGB,112.0,1292.0,11.535714285714286,9.570336006084105,0.018575851393188854,0.3583344376721227,5.0,0.9375,634.0,0.02280781679744312,1,1,1,1,1,MMBA,MMBA8,22.0
STU0028,MMBA8-EEGB,2.0,2.0,1.0,0.7071067811865475,0.0,1.0,12.0,0.9375,2.0,0.0,1,1,1,1,1,MMBA,MMBA8,19.0
STU0039,MMBA8-EEGB,160.0,1532.0,9.575,10.219522606151921,0.024804177545691905,0.34054354768491346,14.0,1.0,706.0,0.047269209132768185,1,1,1,1,1,MMBA,MMBA8,23.0
STU0043,MMBA8-EEGB,48.0,998.0,20.791666666666668,8.325119532502876,0.03006012024048096,0.350480947161671,5.0,0.9375,390.0,0.09669220426234763,1,1,1,1,1,MMBA,MMBA8,20.0
STU0065,MMBA8-EEGB,2.0,2.0,1.0,0.7071067811865475,0.0,1.0,1.0,0.9375,2.0,0.0,1,1,1,1,1,MMBA,MMBA8,21.0
STU0054,MMBA8-EEGB,4.0,4.0,1.0,1.0,0.0,1.0,3.0,0.875,2.0,0.0,1,1,1,1,1,MMBA,MMBA8,21.0
STU0066,MMBA8-EEGB,14.0,108.0,7.714285714285714,4.137676929192318,0.0,0.010256681389212874,1.0,0.875,42.0,0.0,1,1,1,1,1,MMBA,MMBA8,19.0
STU0072,MMBA8-EEGB,3854.0,53366.0,13.846912298910222,13.860822487499854,0.05273020275081513,0.0,6.0,1.0,20824.0,0.07068662694496834,1,1,1,1,1,MMBA,MMBA8,20.0
STU0007,MMBA8-EEGB,82.0,1016.0,12.390243902439025,8.313789418080601,0.02952755905511811,0.0,20.0,0.9375,458.0,0.04087517130528297,1,1,1,1,1,MMBA,MMBA8,20.0
STU0015,MMBA8-EEGB,0.0,0.0,0.0,0.0,0.0,0.0,1.0,0.8125,0.0,,0,1,1,0,1,MMBA,MMBA8,20.0
STU0067,MMBA8-EEGB,6.0,10.0,1.6666666666666667,1.5811388300841895,0.0,0.5285954792089682,20.0,0.9375,6.0,0.0,1,1,1,1,1,MMBA,MMBA8,19.0
STU0002,MMBA8-EEGB,22.0,148.0,6.7272727272727275,4.603171644550004,0.04054054054054054,1.0,1.0,0.875,70.0,0.0,1,1,1,1,1,MMBA,MMBA8,23.0
STU0029,MMBA8-EEGB,6.0,18.0,3.0,2.121320343559643,0.0,1.0,5.0,0.9375,4.0,,1,1,1,0,1,MMBA,MMBA8,23.0
STU0006,MMBA8-EEGB,24.0,460.0,19.166666666666668,7.180287023450417,0.021739130434782608,0.05719095841793653,4.0,0.9375,162.0,0.0,1,1,1,1,1,MMBA,MMBA8,23.0
STU0041,MMBA8-EEGB,8.0,212.0,26.5,5.013660584127149,0.0,1.0,0.0,0.875,84.0,0.0,1,0,1,1,1,MMBA,MMBA8,21.0
STU0032,MMBA8-EEGB,0.0,0.0,0.0,0.0,0.0,0.0,6.0,0.875,0.0,,0,1,1,0,1,MMBA,MMBA8,23.0
STU0025,MMBA8-EEGB,16.0,272.0,17.0,5.093248125762992,0.03676470588235294,0.6464466094067263,3.0,0.9375,96.0,0.0,1,1,1,1,1,MMBA,MMBA8,20.0
STU0034,MMBA8-EEGB,0.0,0.0,0.0,0.0,0.0,0.0,0.0,1.0,0.0,,0,0,1,0,1,MMBA,MMBA8,21.0
STU0027,MMBA8-EEGB,8.0,54.0,6.75,3.4020690871988584,0.0,1.0,0.0,0.6875,18.0,0.0,1,0,1,1,1,MMBA,MMBA8,19.0
STU0049,MMBA8-EEGB,0.0,0.0,0.0,0.0,0.0,0.0,0.0,0.0,0.0,,0,0,0,0,1,MMBA,MMBA8,20.0
STU0042,MMBA8-EEGB,48.0,604.0,12.583333333333334,7.079959591309087,0.026490066225165563,0.007843258350778481,6.0,0.875,292.0,0.021670893324811782,1,1,1,1,1,MMBA,MMBA8,20.0
STU0068,MMBA8-EEGB,50.0,474.0,9.48,6.981591225054306,0.012658227848101266,0.09933358006418391,0.0,1.0,240.0,0.009756146355588614,1,0,1,1,1,MMBA,MMBA8,20.0
STU0017,MMBA8-EEGB,98.0,1176.0,12.0,8.485732323213153,0.034013605442176874,0.0,6.0,1.0,388.0,0.021742291243204315,1,1,1,1,1,MMBA,MMBA8,23.0
STU0003,MMBA8-EEGB,0.0,0.0,0.0,0.0,0.0,0.0,1.0,0.875,0.0,,0,1,1,0,1,MMBA,MMBA8,20.0
STU0069,MMBA8-EEGB,2.0,2.0,1.0,0.7071067811865475,0.0,1.0,18.0,0.9375,2.0,0.0,1,1,1,1,1,MMBA,MMBA8,20.0
STU0058,MMBA8-EEGB,4.0,10.0,2.5,1.5811388300841895,0.0,1.0,2.0,0.5,6.0,0.0,1,1,1,1,1,MMBA,MMBA8,20.0
STU0008,MMBA8-EEGB,62.0,692.0,11.161290322580646,7.336759140252658,0.023121387283236993,0.7985484516645678,6.0,0.9375,294.0,0.01158310316790591,1,1,1,1,1,MMBA,MMBA8,20.0
STU0050,MMBA8-EEGB,0.0,0.0,0.0,0.0,0.0,0.0,3.0,0.875,0.0,,0,1,1,0,1,MMBA,MMBA8,21.0
STU0070,MMBA8-EEGB,0.0,0.0,0.0,0.0,0.0,0.0,3.0,0.9375,0.0,,0,1,1,0,1,MMBA,MMBA8,20.0
STU0011,MMBA8-EEGB,2.0,26.0,13.0,2.3533936216582085,0.0,1.0,1.0,0.875,8.0,0.0,1,1,1,1,1,MMBA,MMBA8,23.0
STU0046,MMBA8-EEGB,0.0,0.0,0.0,0.0,0.0,0.0,0.0,0.9375,0.0,,0,0,1,0,1,MMBA,MMBA8,20.0
STU0057,MMBA8-EEGB,0.0,0.0,0.0,0.0,0.0,0.0,1.0,0.9375,0.0,,0,1,1,0,1,MMBA,MMBA8,20.0
STU0023,MMBA8-EEGB,16.0,214.0,13.375,4.921818674577575,0.009345794392523364,1.0,1.0,1.0,74.0,0.0,1,1,1,1,1,MMBA,MMBA8,23.0
STU0037,MMBA8-EEGB,124.0,1360.0,10.96774193548387,8.677218312746247,0.023529411764705882,0.11587006383866338,1.0,0.9375,546.0,0.021349460973164782,1,1,1,1,1,MMBA,MMBA8,20.0
STU0052,MMBA8-EEGB,2.0,6.0,3.0,1.2247448713915892,0.3333333333333333,1.0,1.0,0.6875,4.0,0.0,1,1,1,1,1,MMBA,MMBA8,20.0
STU0012,MMBA8-EEGB,30.0,178.0,5.933333333333334,5.5465344985693745,0.0,0.0,10.0,0.9375,68.0,0.0,1,1,1,1,1,MMBA,MMBA8,20.0
STU0013,MMBA8-EEGB,2.0,12.0,6.0,1.7320508075688774,0.0,1.0,3.0,0.9375,8.0,0.0,1,1,1,1,1,MMBA,MMBA8,21.0
STU0051,MMBA8-EEGB,12.0,46.0,3.8333333333333335,3.243723035407737,0.0,1.0,3.0,0.875,14.0,0.0,1,1,1,1,1,MMBA,MMBA8,20.0
STU0053,MMBA8-EEGB,382.0,3544.0,9.277486910994764,11.674490819374002,0.024280067758328628,0.14808103447908694,60.0,0.9375,1598.0,0.025400556927787404,1,1,1,1,1,MMBA,MMBA8,23.0
STU0004,MMBA8-EEGB,44.0,342.0,7.7727272727272725,6.597004459317676,0.06432748538011696,0.0,11.0,0.9375,116.0,0.002671062919524554,1,1,1,1,1,MMBA,MMBA8,20.0
STU0024,MMBA8-EEGB,19.0,136.0,7.157894736842105,5.745202602274046,0.0,0.08082898965405372,0.0,0.875,60.0,0.009620110846511704,1,0,1,1,1,MMBA,MMBA8,20.0
STU0014,MMBA8-EEGB,48.0,470.0,9.791666666666666,6.365465335399307,0.0,0.0,12.0,0.9375,166.0,0.007879079269468108,1,1,1,1,1,MMBA,MMBA8,20.0
STU0001,MMBA8-EEGB,174.0,2064.0,11.862068965517242,9.508869788316737,0.018410852713178296,0.49585546492367416,0.0,0.9375,996.0,0.05502521134103823,1,0,1,1,1,MMBA,MMBA8,25.0
STU0031,MMBA8-EEGB,60.0,904.0,15.066666666666666,7.483388683924567,0.01327433628318584,1.0,2.0,0.9375,366.0,,1,1,1,0,1,MMBA,MMBA8,20.0
STU0009,MMBA8-EEGB,38.0,518.0,13.631578947368421,7.205746312685448,0.023166023166023165,0.7984363983670867,13.0,0.9375,182.0,0.0,1,1,1,1,1,MMBA,MMBA8,20.0
STU0021,MMBA8-EEGB,40.0,444.0,11.1,6.549190170692244,0.036036036036036036,0.1514718625761431,8.0,0.9375,194.0,0.05760308622864928,1,1,1,1,1,MMBA,MMBA8,20.0
STU0064,MMBA8-EEGB,82.0,1562.0,19.048780487804876,9.94379209760591,0.030729833546734954,0.6872717965887881,6.0,0.9375,610.0,0.030420129231260064,1,1,1,1,1,MMBA,MMBA8,20.0
STU0026,MMBA8-EEGB,2.0,14.0,7.0,1.6035674514745464,0.0,1.0,1.0,0.9375,4.0,0.0,1,1,1,1,1,MMBA,MMBA8,23.0
STU0018,MMBA8-EEGB,86.0,1224.0,14.232558139534884,9.546754572932992,0.027823240589198037,0.32397944866285433,30.0,1.0,450.0,0.0,1,1,1,1,1,MMBA,MMBA8,21.0
STU0016,MMBA8-EEGB,136.0,1826.0,13.426470588235293,9.945773015519316,0.028477546549835708,0.15709077410962047,7.0,0.8125,678.0,0.005190744250992648,1,1,1,1,1,MMBA,MMBA8,20.0
STU0048,MMBA8-EEGB,0.0,0.0,0.0,0.0,0.0,0.0,6.0,0.875,0.0,,0,1,1,0,1,MMBA,MMBA8,20.0
STU0038,MMBA8-EEGB,78.0,1232.0,15.794871794871796,9.145336260885944,0.024350649350649352,0.535904519107743,9.0,0.9375,466.0,0.016576562847344774,1,1,1,1,1,MMBA,MMBA8,20.0
STU0035,MMBA8-EEGB,0.0,0.0,0.0,0.0,0.0,0.0,6.0,0.875,0.0,,0,1,1,0,1,MMBA,MMBA8,20.0
STU0056,MMBA8-EEGB,78.0,1320.0,16.923076923076923,8.890282403395362,0.021212121212121213,0.28266204244932347,2.0,0.9375,460.0,0.013598819011682245,1,1,1,1,1,MMBA,MMBA8,23.0
STU0020,MMBA8-EEGB,48.0,626.0,13.041666666666666,7.434055132890113,0.03194888178913738,0.24308741147562696,23.0,0.9375,264.0,0.03799998621615357,1,1,1,1,1,MMBA,MMBA8,23.0
STU0033,MMBA8-EEGB,0.0,0.0,0.0,0.0,0.0,0.0,1.0,0.875,0.0,,0,1,1,0,1,MMBA,MMBA8,23.0
STU0030,MMBA8-EEGB,4.0,10.0,2.5,1.2649110640673518,0.0,1.0,1.0,0.375,4.0,0.0,1,1,1,1,1,MMBA,MMBA8,23.0
STU0060,MMBA8-EEGB,2.0,78.0,39.0,3.7365142126771658,0.02564102564102564,1.0,1.0,1.0,22.0,0.0,1,1,1,1,1,MMBA,MMBA8,23.0
STU0045,MMBA8-EEGB,0.0,0.0,0.0,0.0,0.0,0.0,1.0,0.9375,0.0,,0,1,1,0,1,MMBA,MMBA8,23.0
STU0047,MMBA8-EEGB,150.0,1610.0,10.733333333333333,9.495373178619271,0.018633540372670808,0.5757359312880715,18.0,0.9375,616.0,0.024992691907995697,1,1,1,1,1,MMBA,MMBA8,23.0
STU0019,MMBA8-EEGB,38.0,452.0,11.894736842105264,6.490973991846821,0.035398230088495575,0.0,10.0,0.9375,170.0,0.04424983153810467,1,1,1,1,1,MMBA,MMBA8,21.0
STU0055,MMBA8-EEGB,86.0,1076.0,12.511627906976743,8.535950651895693,0.026022304832713755,0.2917086885072062,16.0,0.9375,438.0,0.01640079977994479,1,1,1,1,1,MMBA,MMBA8,19.0
STU0022,MMBA8-EEGB,80.0,716.0,8.95,6.502685306941842,0.0446927374301676,0.17134647368959643,7.0,0.9375,274.0,0.09018217278169816,1,1,1,1,1,MMBA,MMBA8,20.0
STU0059,MMBA8-EEGB,158.0,2540.0,16.075949367088608,10.297943376969773,0.029921259842519685,0.26625940525623104,5.0,0.8125,1024.0,0.06945066862149733,1,1,1,1,1,MMBA,MMBA8,25.0
STU0062,MMBA8-OPS,64.0,775.0,12.109375,12.285002658631404,0.012903225806451613,0.0,85.0,1.0,268.0,0.008403387673360966,1,1,1,1,1,MMBA,MMBA8,19.285714285714285
STU0063,MMBA8-OPS,0.0,0.0,0.0,0.0,0.0,0.0,7.0,0.75,0.0,,0,1,1,0,1,MMBA,MMBA8,9.0
STU0071,MMBA8-OPS,46.0,335.0,7.282608695652174,9.288092200038601,0.029850746268656716,0.0,7.0,0.75,145.0,0.0,1,1,1,1,1,MMBA,MMBA8,16.57142857142857
STU0010,MMBA8-OPS,57.0,897.0,15.736842105263158,13.85644668835419,0.026755852842809364,0.06629409889577753,47.0,1.0,337.0,0.009493080203943103,1,1,1,1,1,MMBA,MMBA8,17.714285714285715
STU0061,MMBA8-OPS,55.0,529.0,9.618181818181819,11.043478260869565,0.020793950850661626,0.638735004886697,99.0,1.0,201.0,0.05724272851063802,1,1,1,1,1,MMBA,MMBA8,21.42857142857143
STU0036,MMBA8-OPS,0.0,0.0,0.0,0.0,0.0,0.0,55.0,1.0,0.0,,0,1,1,0,1,MMBA,MMBA8,15.285714285714285
STU0005,MMBA8-OPS,91.0,1015.0,11.153846153846153,15.191908657899138,0.041379310344827586,0.0,37.0,0.75,466.0,0.036404546275878566,1,1,1,1,1,MMBA,MMBA8,23.85714285714285
STU0028,MMBA8-OPS,4.0,79.0,19.75,7.313071356019155,0.0,1.0,28.0,0.875,29.0,0.0826552646693676,1,1,1,1,1,MMBA,MMBA8,14.0
STU0039,MMBA8-OPS,1.0,5.0,5.0,2.23606797749979,0.0,1.0,16.0,0.75,2.0,0.0,1,1,1,1,1,MMBA,MMBA8,12.714285714285715
STU0043,MMBA8-OPS,0.0,0.0,0.0,0.0,0.0,0.0,16.0,0.875,0.0,,0,1,1,0,1,MMBA,MMBA8,14.714285714285715
STU0065,MMBA8-OPS,0.0,0.0,0.0,0.0,0.0,0.0,2.0,0.625,0.0,,0,1,1,0,1,MMBA,MMBA8,17.0
STU0054,MMBA8-OPS,9.0,41.0,4.555555555555555,5.309907904212606,0.0,0.42264973081037427,33.0,0.625,16.0,0.0,1,1,1,1,1,MMBA,MMBA8,16.714285714285715
STU0066,MMBA8-OPS,0.0,0.0,0.0,0.0,0.0,0.0,48.0,1.0,0.0,,0,1,1,0,1,MMBA,MMBA8,23.142857142857142
STU0072,MMBA8-OPS,3.0,7.0,2.3333333333333335,2.6457513110645903,0.0,1.0,59.0,1.0,3.0,0.06930660718392012,1,1,1,1,1,MMBA,MMBA8,16.714285714285715
STU0007,MMBA8-OPS,14.0,173.0,12.357142857142858,9.65563120012526,0.017341040462427744,0.6311444432183413,55.0,1.0,76.0,0.0,1,1,1,1,1,MMBA,MMBA8,21.142857142857142
STU0015,MMBA8-OPS,1.0,3.0,3.0,1.7320508075688774,0.0,1.0,14.0,0.875,1.0,0.0,1,1,1,1,1,MMBA,MMBA8,14.714285714285715
STU0067,MMBA8-OPS,9.0,60.0,6.666666666666667,5.809475019311125,0.0,1.0,78.0,0.75,26.0,0.04268189997011453,1,1,1,1,1,MMBA,MMBA8,16.0
STU0002,MMBA8-OPS,12.0,174.0,14.5,9.24879613166262,0.005747126436781609,1.0,9.0,0.75,84.0,0.0,1,1,1,1,1,MMBA,MMBA8,19.57142857142857
STU0029,MMBA8-OPS,1.0,5.0,5.0,2.23606797749979,0.0,1.0,23.0,1.0,1.0,0.0,1,1,1,1,1,MMBA,MMBA8,18.0
STU0006,MMBA8-OPS,17.0,149.0,8.764705882352942,8.520011973398022,0.020134228187919462,0.22257930974121531,17.0,1.0,57.0,0.0,1,1,1,1,1,MMBA,MMBA8,15.714285714285715
STU0041,MMBA8-OPS,32.0,867.0,27.09375,12.022470311360443,0.025374855824682813,0.30178799781155285,7.0,1.0,296.0,0.013104593160426883,1,1,1,1,1,MMBA,MMBA8,16.714285714285715
STU0032,MMBA8-OPS,1926.0,19201.0,9.969366562824506,23.887245332139816,0.025207020467683975,0.4155171362154809,11.0,1.0,8424.0,0.10995260234405287,1,1,1,1,1,MMBA,MMBA8,13.714285714285715
STU0025,MMBA8-OPS,12.0,137.0,11.416666666666666,7.176604324820792,0.0072992700729927005,1.0,12.0,0.875,61.0,0.021832061117825284,1,1,1,1,1,MMBA,MMBA8,17.428571428571427
STU0034,MMBA8-OPS,2.0,11.0,5.5,2.412090756622109,0.0,1.0,8.0,1.0,3.0,0.0,1,1,1,1,1,MMBA,MMBA8,16.714285714285715
STU0027,MMBA8-OPS,7.0,126.0,18.0,6.948792289723034,0.0,0.0,4.0,0.625,47.0,0.0,1,1,1,1,1,MMBA,MMBA8,18.714285714285715
STU0049,MMBA8-OPS,0.0,0.0,0.0,0.0,0.0,0.0,0.0,0.0,0.0,,0,0,0,0,1,MMBA,MMBA8,16.0
STU0042,MMBA8-OPS,6.0,212.0,35.333333333333336,8.859756374690443,0.03773584905660377,1.0,48.0,0.75,80.0,0.011317112134399924,1,1,1,1,1,MMBA,MMBA8,17.57142857142857
STU0068,MMBA8-OPS,3.0,32.0,10.666666666666666,5.126524163602469,0.09375,1.0,9.0,0.875,13.0,0.0,1,1,1,1,1,MMBA,MMBA8,16.428571428571427
STU0017,MMBA8-OPS,8.0,100.0,12.5,7.6,0.04,0.4271780381305199,11.0,0.875,31.0,0.0,1,1,1,1,1,MMBA,MMBA8,18.428571428571427
STU0003,MMBA8-OPS,9.0,32.0,3.5555555555555554,5.480077554195743,0.0,0.11808289631180313,29.0,1.0,9.0,0.0,1,1,1,1,1,MMBA,MMBA8,13.714285714285715
STU0069,MMBA8-OPS,1.0,3.0,3.0,1.7320508075688774,0.0,1.0,65.0,0.875,1.0,0.0,1,1,1,1,1,MMBA,MMBA8,21.285714285714285
STU0058,MMBA8-OPS,15.0,131.0,8.733333333333333,8.562299755278172,0.015267175572519083,0.0,40.0,0.875,56.0,0.0,1,1,1,1,1,MMBA,MMBA8,21.285714285714285
STU0008,MMBA8-OPS,34.0,578.0,17.0,11.979220763630924,0.012110726643598616,0.0,48.0,0.75,217.0,0.0,1,1,1,1,1,MMBA,MMBA8,23.142857142857142
STU0050,MMBA8-OPS,0.0,0.0,0.0,0.0,0.0,0.0,0.0,0.75,0.0,,0,0,1,0,1,MMBA,MMBA8,13.285714285714285
STU0070,MMBA8-OPS,7.0,71.0,10.142857142857142,6.289942788427422,0.0,0.3939084732686736,19.0,0.5,20.0,0.0,1,1,1,1,1,MMBA,MMBA8,16.142857142857142
STU0011,MMBA8-OPS,0.0,0.0,0.0,0.0,0.0,0.0,10.0,0.625,0.0,,0,1,1,0,1,MMBA,MMBA8,16.714285714285715
STU0046,MMBA8-OPS,8.0,158.0,19.75,8.353351483845165,0.05063291139240506,1.0,2.0,1.0,58.0,0.04686869939457518,1,1,1,1,1,MMBA,MMBA8,13.714285714285715
STU0057,MMBA8-OPS,5612.0,81002.0,14.433713471133286,32.34267389002775,0.02182662156489963,0.7113203191657083,18.0,0.875,33035.0,0.03790630859897315,1,1,1,1,1,MMBA,MMBA8,17.0
STU0023,MMBA8-OPS,32.0,448.0,14.0,10.724741921636822,0.017857142857142856,0.11611652351681556,24.0,0.5,168.0,0.00438529381590874,1,1,1,1,1,MMBA,MMBA8,21.714285714285715
STU0037,MMBA8-OPS,16.0,216.0,13.5,9.11754515369294,0.009259259259259259,0.0,21.0,0.5,82.0,0.0,1,1,1,1,1,MMBA,MMBA8,27.57142857142857
STU0052,MMBA8-OPS,29.0,652.0,22.482758620689655,11.827232794818157,0.03987730061349693,0.0,45.0,0.875,211.0,0.007400172353960857,1,1,1,1,1,MMBA,MMBA8,17.142857142857142
STU0012,MMBA8-OPS,15.0,42.0,2.8,6.017830648521584,0.0,0.0,59.0,0.875,16.0,0.0,1,1,1,1,1,MMBA,MMBA8,15.428571428571429
STU0013,MMBA8-OPS,9.0,111.0,12.333333333333334,7.783095565170492,0.0,1.0,50.0,0.75,49.0,0.0,1,1,1,1,1,MMBA,MMBA8,17.142857142857142
STU0051,MMBA8-OPS,3.0,14.0,4.666666666666667,2.9398736610366685,0.0,1.0,22.0,0.75,5.0,0.0,1,1,1,1,1,MMBA,MMBA8,21.57142857142857
STU0053,MMBA8-OPS,65.0,488.0,7.507692307692308,11.814914858548669,0.036885245901639344,0.0,109.0,1.0,229.0,0.0035632884699791168,1,1,1,1,1,MMBA,MMBA8,23.0
STU0004,MMBA8-OPS,6.0,20.0,3.3333333333333335,4.47213595499958,0.0,0.05719095841793653,28.0,0.875,8.0,0.0,1,1,1,1,1,MMBA,MMBA8,18.142857142857142
STU0024,MMBA8-OPS,25.0,294.0,11.76,9.622995418076771,0.03741496598639456,0.0,6.0,0.625,115.0,0.015677861869919537,1,1,1,1,1,MMBA,MMBA8,19.142857142857142
STU0014,MMBA8-OPS,134.0,1407.0,10.5,14.742735794501225,0.011371712864250177,0.0,40.0,0.875,453.0,0.003103528064747712,1,1,1,1,1,MMBA,MMBA8,23.0
STU0001,MMBA8-OPS,88.0,881.0,10.011363636363637,12.937288714160815,0.03178206583427923,0.20660439626751237,2.0,0.875,464.0,0.05552006206295605,1,1,1,1,1,MMBA,MMBA8,16.428571428571427
STU0040,MMBA8-OPS,28.0,142.0,5.071428571428571,9.063158669604242,0.035211267605633804,0.0,80.0,0.875,76.0,0.0,1,1,1,1,1,MMBA,MMBA8,13.714285714285715
STU0031,MMBA8-OPS,12.0,133.0,11.083333333333334,6.5033247714309,0.007518796992481203,1.0,26.0,1.0,47.0,0.07475753859055645,1,1,1,1,1,MMBA,MMBA8,18.714285714285715
STU0009,MMBA8-OPS,38.0,492.0,12.947368421052632,12.30779051321045,0.026422764227642278,0.22886803593558214,38.0,0.75,171.0,0.0,1,1,1,1,1,MMBA,MMBA8,23.57142857142857
STU0021,MMBA8-OPS,6.0,23.0,3.8333333333333335,4.587317109255645,0.0,0.05719095841793653,75.0,1.0,9.0,0.0,1,1,1,1,1,MMBA,MMBA8,19.42857142857143
STU0064,MMBA8-OPS,15.0,234.0,15.6,9.936550847001325,0.038461538461538464,0.34003367089255565,27.0,0.625,100.0,0.06754720892493385,1,1,1,1,1,MMBA,MMBA8,19.57142857142857
STU0026,MMBA8-OPS,9.0,133.0,14.777777777777779,7.197012747050196,0.022556390977443608,0.21432579868161383,24.0,0.75,53.0,0.0,1,1,1,1,1,MMBA,MMBA8,17.142857142857142
STU0018,MMBA8-OPS,4.0,39.0,9.75,4.963972767957701,0.02564102564102564,1.0,107.0,0.75,13.0,0.0,1,1,1,1,1,MMBA,MMBA8,21.142857142857142
STU0016,MMBA8-OPS,3.0,38.0,12.666666666666666,5.028864055053639,0.05263157894736842,1.0,17.0,0.625,16.0,0.0,1,1,1,1,1,MMBA,MMBA8,14.428571428571429
STU0048,MMBA8-OPS,3.0,4.0,1.3333333333333333,2.0,0.0,1.0,39.0,0.875,3.0,0.0,1,1,1,1,1,MMBA,MMBA8,15.428571428571429
STU0038,MMBA8-OPS,23.0,462.0,20.08695652173913,11.770625261540657,0.02813852813852814,0.2816212329626824,19.0,0.75,155.0,0.0,1,1,1,1,1,MMBA,MMBA8,20.285714285714285
STU0035,MMBA8-OPS,0.0,0.0,0.0,0.0,0.0,0.0,84.0,1.0,0.0,,0,1,1,0,1,MMBA,MMBA8,16.428571428571427
STU0056,MMBA8-OPS,36.0,575.0,15.972222222222221,12.177241780933166,0.029565217391304348,0.5590414481559016,14.0,0.625,204.0,0.02505414396393393,1,1,1,1,1,MMBA,MMBA8,20.42857142857143
STU0020,MMBA8-OPS,15.0,201.0,13.4,9.663234937262796,0.03482587064676617,0.0,19.0,0.875,83.0,0.0,1,1,1,1,1,MMBA,MMBA8,22.57142857142857
STU0033,MMBA8-OPS,3.0,11.0,3.6666666666666665,3.3166247903554,0.0,0.5285954792089682,0.0,0.875,4.0,0.0,1,0,1,1,1,MMBA,MMBA8,13.0
STU0030,MMBA8-OPS,4.0,29.0,7.25,4.456688116249245,0.0,0.2928932188134524,22.0,0.5,12.0,0.0,1,1,1,1,1,MMBA,MMBA8,20.0
STU0060,MMBA8-OPS,0.0,0.0,0.0,0.0,0.0,0.0,3.0,0.75,0.0,,0,1,1,0,1,MMBA,MMBA8,16.0
STU0045,MMBA8-OPS,3.0,24.0,8.0,4.4907311951024935,0.041666666666666664,0.5285954792089682,13.0,1.0,8.0,0.0,1,1,1,1,1,MMBA,MMBA8,16.428571428571427
STU0047,MMBA8-OPS,81.0,1073.0,13.246913580246913,13.279734611480434,0.023299161230195712,0.2655825447143444,74.0,1.0,376.0,0.01990653832353428,1,1,1,1,1,MMBA,MMBA8,23.0
STU0019,MMBA8-OPS,32.0,415.0,12.96875,11.879312786906347,0.014457831325301205,0.5580582617584078,72.0,1.0,150.0,0.0,1,1,1,1,1,MMBA,MMBA8,17.285714285714285
STU0055,MMBA8-OPS,41.0,498.0,12.146341463414634,12.367855732570895,0.030120481927710843,0.11789554536462798,36.0,0.875,199.0,0.02917854485295224,1,1,1,1,1,MMBA,MMBA8,22.0
STU0022,MMBA8-OPS,3.0,17.0,5.666666666666667,4.123105625617661,0.0,0.5285954792089682,17.0,0.625,6.0,0.0,1,1,1,1,1,MMBA,MMBA8,15.857142857142858
STU0059,MMBA8-OPS,43.0,742.0,17.25581395348837,12.518503824554708,0.03908355795148248,0.6268184526539253,56.0,1.0,291.0,0.015960392463257055,1,1,1,1,1,MMBA,MMBA8,18.57142857142857
STU0062,MMBA8-HBO,20.0,101.0,5.05,7.562282645595918,0.019801980198019802,0.18990741269901745,71.0,1.0,39.0,0.004827686059470552,1,1,1,1,1,MMBA,MMBA8,22.0
STU0063,MMBA8-HBO,0.0,0.0,0.0,0.0,0.0,0.0,7.0,0.7,0.0,,0,1,1,0,1,MMBA,MMBA8,18.0
STU0071,MMBA8-HBO,8.0,132.0,16.5,7.659416862050705,0.015151515151515152,0.2928932188134524,6.0,0.6,60.0,0.0,1,1,1,1,1,MMBA,MMBA8,22.0
STU0010,MMBA8-HBO,17.0,297.0,17.470588235294116,8.703882797784892,0.04713804713804714,1.0,8.0,0.7,106.0,0.13125012531850783,1,1,1,1,1,MMBA,MMBA8,22.0
STU0061,MMBA8-HBO,42.0,537.0,12.785714285714286,11.996585485658466,0.0148975791433892,0.02689220766134859,55.0,0.7,205.0,0.0,1,1,1,1,1,MMBA,MMBA8,20.0
STU0036,MMBA8-HBO,0.0,0.0,0.0,0.0,0.0,0.0,20.0,0.8,0.0,,0,1,1,0,1,MMBA,MMBA8,22.0
STU0005,MMBA8-HBO,37.0,532.0,14.378378378378379,11.966117579432856,0.022556390977443608,0.24905708165136198,23.0,0.5,234.0,0.10107982995697572,1,1,1,1,1,MMBA,MMBA8,22.0
STU0028,MMBA8-HBO,1.0,6.0,6.0,2.4494897427831783,0.0,1.0,17.0,0.5,3.0,0.0,1,1,1,1,1,MMBA,MMBA8,22.0
STU0039,MMBA8-HBO,12.0,100.0,8.333333333333334,7.6,0.03,1.0,17.0,0.6,48.0,0.0,1,1,1,1,1,MMBA,MMBA8,22.0
STU0043,MMBA8-HBO,1.0,1.0,1.0,1.0,0.0,1.0,6.0,0.9,1.0,0.0,1,1,1,1,1,MMBA,MMBA8,22.0
STU0065,MMBA8-HBO,5.0,141.0,28.2,7.410936905385367,0.014184397163120567,1.0,2.0,0.8,48.0,0.16738157546906446,1,1,1,1,1,MMBA,MMBA8,22.0
STU0054,MMBA8-HBO,8.0,61.0,7.625,6.273807116711903,0.01639344262295082,0.0,18.0,0.9,22.0,0.0,1,1,1,1,1,MMBA,MMBA8,22.0
STU0066,MMBA8-HBO,16.0,200.0,12.5,8.697413408594533,0.03,0.2928932188134524,23.0,0.8,77.0,0.10316113559665108,1,1,1,1,1,MMBA,MMBA8,22.0
STU0072,MMBA8-HBO,22.0,281.0,12.772727272727273,9.485144781723108,0.017793594306049824,0.23506603752863153,61.0,1.0,120.0,0.016525416208182854,1,1,1,1,1,MMBA,MMBA8,19.0
STU0007,MMBA8-HBO,20.0,501.0,25.05,10.945792764414872,0.01996007984031936,0.770871215252208,50.0,0.9,206.0,0.0,1,1,1,1,1,MMBA,MMBA8,22.0
STU0015,MMBA8-HBO,18.0,442.0,24.555555555555557,10.654593469060666,0.013574660633484163,1.0,14.0,0.6,150.0,0.022850168016332193,1,1,1,1,1,MMBA,MMBA8,22.0
STU0067,MMBA8-HBO,2.0,7.0,3.5,2.6457513110645903,0.0,1.0,81.0,0.6,1.0,0.0,1,1,1,1,1,MMBA,MMBA8,22.0
STU0002,MMBA8-HBO,2.0,7.0,3.5,2.6457513110645903,0.0,1.0,5.0,0.6,4.0,0.0,1,1,1,1,1,MMBA,MMBA8,22.0
STU0029,MMBA8-HBO,10.0,166.0,16.6,8.227195572487128,0.012048192771084338,0.0,11.0,0.7,66.0,0.0,1,1,1,1,1,MMBA,MMBA8,22.0
STU0006,MMBA8-HBO,6.0,156.0,26.0,7.846279536449269,0.01282051282051282,0.5,7.0,0.9,47.0,0.012987875974930478,1,1,1,1,1,MMBA,MMBA8,22.0
STU0041,MMBA8-HBO,53.0,1417.0,26.735849056603772,13.70770585173586,0.02117148906139732,0.4253485586001863,9.0,1.0,507.0,0.019276751090804504,1,1,1,1,1,MMBA,MMBA8,22.0
STU0032,MMBA8-HBO,3141.0,34064.0,10.844953836357847,28.407435918316608,0.017819398778769376,0.5350969139821982,0.0,0.9,14221.0,0.149449239266591,1,0,1,1,1,MMBA,MMBA8,22.0
STU0025,MMBA8-HBO,29.0,830.0,28.620689655172413,12.079256340310845,0.010843373493975903,0.5706931173107334,3.0,0.8,286.0,0.04126405360713031,1,1,1,1,1,MMBA,MMBA8,22.0
STU0034,MMBA8-HBO,0.0,0.0,0.0,0.0,0.0,0.0,1.0,1.0,0.0,,0,1,1,0,1,MMBA,MMBA8,19.0
STU0027,MMBA8-HBO,2.0,9.0,4.5,3.0,0.0,1.0,0.0,0.8,3.0,0.0,1,0,1,1,1,MMBA,MMBA8,22.0
STU0049,MMBA8-HBO,0.0,0.0,0.0,0.0,0.0,0.0,0.0,0.0,0.0,,0,0,0,0,1,MMBA,MMBA8,22.0
STU0042,MMBA8-HBO,7.0,131.0,18.714285714285715,7.863336509949341,0.03816793893129771,0.7525641703473032,31.0,0.8,56.0,0.0,1,1,1,1,1,MMBA,MMBA8,19.0
STU0068,MMBA8-HBO,4.0,49.0,12.25,6.142857142857143,0.0,1.0,3.0,0.5,20.0,0.0,1,1,1,1,1,MMBA,MMBA8,19.0
STU0017,MMBA8-HBO,48.0,711.0,14.8125,13.01351672071101,0.02531645569620253,0.0,5.0,0.7,258.0,0.006707213785201867,1,1,1,1,1,MMBA,MMBA8,22.0
STU0003,MMBA8-HBO,8.0,43.0,5.375,5.184951391308559,0.046511627906976744,0.0,9.0,1.0,15.0,0.0,1,1,1,1,1,MMBA,MMBA8,19.0
STU0069,MMBA8-HBO,12.0,253.0,21.083333333333332,9.304680279236585,0.007905138339920948,0.0,51.0,1.0,83.0,0.0,1,1,1,1,1,MMBA,MMBA8,22.0
STU0058,MMBA8-HBO,17.0,112.0,6.588235294117647,7.748271696689158,0.008928571428571428,0.2512987022730674,16.0,0.7,53.0,0.0,1,1,1,1,1,MMBA,MMBA8,22.0
STU0008,MMBA8-HBO,14.0,85.0,6.071428571428571,7.158705108015654,0.011764705882352941,0.0,66.0,0.6,41.0,0.0,1,1,1,1,1,MMBA,MMBA8,22.0
STU0050,MMBA8-HBO,0.0,0.0,0.0,0.0,0.0,0.0,0.0,0.8,0.0,,0,0,1,0,1,MMBA,MMBA8,22.0
STU0070,MMBA8-HBO,4.0,11.0,2.75,3.3166247903554,0.0,1.0,29.0,0.8,6.0,0.0,1,1,1,1,1,MMBA,MMBA8,22.0
STU0011,MMBA8-HBO,0.0,0.0,0.0,0.0,0.0,0.0,0.0,0.6,0.0,,0,0,1,0,1,MMBA,MMBA8,20.0
STU0046,MMBA8-HBO,1.0,2.0,2.0,1.414213562373095,0.0,1.0,5.0,0.8,1.0,0.0,1,1,1,1,1,MMBA,MMBA8,20.0
STU0057,MMBA8-HBO,343.0,4143.0,12.078717201166182,19.3113956619844,0.01882693700217234,0.0,16.0,0.9,1944.0,0.10598225097116025,1,1,1,1,1,MMBA,MMBA8,22.0
STU0023,MMBA8-HBO,13.0,187.0,14.384615384615385,8.702141847112854,0.0213903743315508,0.0,17.0,0.9,69.0,0.047604096200752684,1,1,1,1,1,MMBA,MMBA8,20.0
STU0037,MMBA8-HBO,27.0,338.0,12.518518518518519,9.301173814069202,0.01775147928994083,0.16112950719213892,11.0,0.6,141.0,0.015518011221339528,1,1,1,1,1,MMBA,MMBA8,22.0
STU0052,MMBA8-HBO,6.0,150.0,25.0,8.73651341592667,0.03333333333333333,1.0,27.0,0.4,51.0,0.11744489738868288,1,1,1,1,1,MMBA,MMBA8,22.0
STU0012,MMBA8-HBO,72.0,1118.0,15.527777777777779,13.877047625666238,0.018783542039355994,0.27398166451749306,42.0,0.6,399.0,0.04403802050546779,1,1,1,1,1,MMBA,MMBA8,22.0
STU0013,MMBA8-HBO,1.0,14.0,14.0,2.6726124191242437,0.0,1.0,14.0,0.6,4.0,0.0,1,1,1,1,1,MMBA,MMBA8,22.0
STU0051,MMBA8-HBO,6.0,73.0,12.166666666666666,5.969098507002659,0.0273972602739726,1.0,13.0,0.9,23.0,0.0,1,1,1,1,1,MMBA,MMBA8,22.0
STU0053,MMBA8-HBO,98.0,1030.0,10.510204081632653,13.834528353264579,0.017475728155339806,0.4569261595618298,71.0,1.0,437.0,0.04436635676443915,1,1,1,1,1,MMBA,MMBA8,22.0
STU0004,MMBA8-HBO,6.0,27.0,4.5,4.426352063787131,0.0,0.05719095841793653,26.0,0.7,10.0,0.0,1,1,1,1,1,MMBA,MMBA8,22.0
STU0024,MMBA8-HBO,45.0,475.0,10.555555555555555,11.195487812883414,0.018947368421052633,0.0,26.0,0.6,185.0,0.024525376983890193,1,1,1,1,1,MMBA,MMBA8,22.0
STU0014,MMBA8-HBO,14.0,38.0,2.7142857142857144,5.515528318445926,0.0,0.1887273791713895,22.0,0.6,15.0,0.0,1,1,1,1,1,MMBA,MMBA8,20.0
STU0001,MMBA8-HBO,82.0,1095.0,13.353658536585366,12.843455060829363,0.019178082191780823,0.5591726272609444,0.0,0.5,512.0,0.06276433525970358,1,0,1,1,1,MMBA,MMBA8,19.0
STU0040,MMBA8-HBO,1.0,2.0,2.0,1.414213562373095,0.0,1.0,39.0,0.9,1.0,,1,1,1,0,1,MMBA,MMBA8,22.0
STU0031,MMBA8-HBO,2.0,9.0,4.5,3.0,0.0,1.0,18.0,0.7,5.0,0.0,1,1,1,1,1,MMBA,MMBA8,22.0
STU0009,MMBA8-HBO,30.0,574.0,19.133333333333333,12.229583712049845,0.02264808362369338,0.5140873420962249,16.0,0.6,192.0,0.032300178017766634,1,1,1,1,1,MMBA,MMBA8,22.0
STU0021,MMBA8-HBO,1.0,2.0,2.0,1.414213562373095,0.0,1.0,46.0,0.7,1.0,0.0,1,1,1,1,1,MMBA,MMBA8,22.0
STU0064,MMBA8-HBO,26.0,634.0,24.384615384615383,11.676231620606202,0.015772870662460567,0.27295144211498346,11.0,0.8,208.0,0.040743135716606114,1,1,1,1,1,MMBA,MMBA8,20.0
STU0026,MMBA8-HBO,18.0,292.0,16.22222222222222,8.895127186905924,0.017123287671232876,0.23623738417402673,26.0,0.7,103.0,0.0031035451855462364,1,1,1,1,1,MMBA,MMBA8,22.0
STU0018,MMBA8-HBO,10.0,219.0,21.9,8.581864705673471,0.0273972602739726,0.04780954286095329,119.0,0.9,68.0,0.013013588346747302,1,1,1,1,1,MMBA,MMBA8,22.0
STU0016,MMBA8-HBO,58.0,899.0,15.5,14.341302938249006,0.012235817575083427,0.6573343635456588,17.0,0.8,356.0,0.07529697649768496,1,1,1,1,1,MMBA,MMBA8,22.0
STU0048,MMBA8-HBO,2.0,11.0,5.5,3.015113445777636,0.0,1.0,20.0,0.8,7.0,0.0,1,1,1,1,1,MMBA,MMBA8,22.0
STU0038,MMBA8-HBO,9.0,88.0,9.777777777777779,7.142223997912949,0.0,1.0,15.0,0.9,40.0,,1,1,1,0,1,MMBA,MMBA8,22.0
STU0035,MMBA8-HBO,2.0,27.0,13.5,4.811252243246881,0.0,1.0,90.0,1.0,10.0,0.08764991370098531,1,1,1,1,1,MMBA,MMBA8,19.0
STU0056,MMBA8-HBO,14.0,418.0,29.857142857142858,10.418170545348245,0.0215311004784689,0.5959389821791157,3.0,0.8,144.0,0.0022794655832865923,1,1,1,1,1,MMBA,MMBA8,22.0
STU0020,MMBA8-HBO,4.0,18.0,4.5,4.00693842672377,0.0,1.0,35.0,0.5,9.0,0.0,1,1,1,1,1,MMBA,MMBA8,22.0
STU0033,MMBA8-HBO,0.0,0.0,0.0,0.0,0.0,0.0,2.0,0.6,0.0,,0,1,1,0,1,MMBA,MMBA8,19.0
STU0030,MMBA8-HBO,8.0,32.0,4.0,4.242640687119285,0.0,0.2928932188134524,30.0,0.2,14.0,0.0,1,1,1,1,1,MMBA,MMBA8,22.0
STU0060,MMBA8-HBO,6.0,210.0,35.0,8.487806379910957,0.014285714285714285,0.1339745962155614,2.0,0.7,60.0,0.006204693629394527,1,1,1,1,1,MMBA,MMBA8,22.0
STU0045,MMBA8-HBO,1.0,2.0,2.0,1.414213562373095,0.0,1.0,13.0,0.7,1.0,,1,1,1,0,1,MMBA,MMBA8,22.0
STU0047,MMBA8-HBO,69.0,862.0,12.492753623188406,12.431949335045632,0.02088167053364269,0.26385941453911343,68.0,0.8,316.0,0.030651898631294316,1,1,1,1,1,MMBA,MMBA8,22.0
STU0019,MMBA8-HBO,5.0,41.0,8.2,4.997560380435394,0.0,0.717157287525381,48.0,0.9,21.0,0.0,1,1,1,1,1,MMBA,MMBA8,22.0
STU0055,MMBA8-HBO,22.0,534.0,24.272727272727273,12.030236562940049,0.024344569288389514,0.25310560340204624,32.0,0.6,198.0,0.0,1,1,1,1,1,MMBA,MMBA8,22.0
STU0022,MMBA8-HBO,14.0,237.0,16.928571428571427,9.548676096185975,0.02531645569620253,0.3198639591863952,12.0,0.6,92.0,0.0,1,1,1,1,1,MMBA,MMBA8,22.0
STU0059,MMBA8-HBO,54.0,860.0,15.925925925925926,13.878584808224137,0.01744186046511628,0.3876742336969262,20.0,0.5,343.0,0.03430407477264683,1,1,1,1,1,MMBA,MMBA8,22.0
STU0044,MMBA8-HBO,1.0,2.0,2.0,1.414213562373095,0.0,1.0,4.0,0.7,1.0,0.0,1,1,1,1,1,MMBA,MMBA8,22.0
STU0133,MMBA9-CMA,20.0,84.0,4.2,7.201190377787749,0.011904761904761904,0.4696699141100894,156.0,0.8,30.0,0.005389011227083244,1,1,1,1,1,MMBA,MMBA9,15.0
STU0077,MMBA9-CMA,194.0,1419.0,7.314432989690721,16.432341475598772,0.021141649048625793,0.6290091914340911,76.0,0.8,574.0,0.05185386280413706,1,1,1,1,1,MMBA,MMBA9,25.0
STU0135,MMBA9-CMA,13.0,78.0,6.0,6.567206798038654,0.02564102564102564,0.8912143413559157,3.0,0.6,27.0,0.0,1,1,1,1,1,MMBA,MMBA9,23.0
STU0083,MMBA9-CMA,27.0,203.0,7.518518518518518,9.264583763735473,0.014778325123152709,0.38135951524110867,9.0,0.4,87.0,0.021508975938414908,1,1,1,1,1,MMBA,MMBA9,17.0
STU0107,MMBA9-CMA,27.0,61.0,2.259259259259259,6.913991516376383,0.03278688524590164,1.0,13.0,0.6,37.0,0.029888351259233868,1,1,1,1,1,MMBA,MMBA9,16.0
STU0095,MMBA9-CMA,78.0,325.0,4.166666666666667,11.149473944127106,0.027692307692307693,0.4175478619692027,10.0,0.6,161.0,0.0,1,1,1,1,1,MMBA,MMBA9,17.0
STU0116,MMBA9-CMA,38.0,228.0,6.0,9.006820028042299,0.03508771929824561,0.0,27.0,0.8,83.0,0.0,1,1,1,1,1,MMBA,MMBA9,22.0
STU0122,MMBA9-CMA,65.0,361.0,5.553846153846154,11.105263157894736,0.055401662049861494,0.28300429552424355,8.0,1.0,154.0,0.0,1,1,1,1,1,MMBA,MMBA9,18.0
STU0140,MMBA9-CMA,2.0,2.0,1.0,1.414213562373095,0.0,1.0,16.0,0.8,0.0,0.0,1,1,1,1,1,MMBA,MMBA9,20.0
STU0073,MMBA9-CMA,79.0,245.0,3.1012658227848102,11.308115200498936,0.00816326530612245,0.588266937536947,2.0,0.4,124.0,0.0,1,1,1,1,1,MMBA,MMBA9,18.0
STU0081,MMBA9-CMA,133.0,995.0,7.481203007518797,15.724257098716386,0.02613065326633166,0.3993191719583714,82.0,0.8,389.0,0.0030339074241109184,1,1,1,1,1,MMBA,MMBA9,21.0
STU0109,MMBA9-CMA,2.0,7.0,3.5,2.2677868380553634,0.14285714285714285,1.0,5.0,0.6,4.0,0.0,1,1,1,1,1,MMBA,MMBA9,18.0
STU0087,MMBA9-CMA,27.0,170.0,6.296296296296297,9.126883367283707,0.029411764705882353,0.2222222222222222,6.0,0.6,72.0,0.05933694537318396,1,1,1,1,1,MMBA,MMBA9,18.0
STU0093,MMBA9-CMA,101.0,466.0,4.6138613861386135,13.804583427439969,0.015021459227467811,0.31680776815188005,30.0,0.6,217.0,0.018760391688818368,1,1,1,1,1,MMBA,MMBA9,16.0
STU0086,MMBA9-CMA,1.0,4.0,4.0,2.0,0.0,1.0,1.0,0.8,1.0,,1,1,1,0,1,MMBA,MMBA9,16.0
STU0105,MMBA9-CMA,16.0,60.0,3.75,6.325872798805447,0.05,0.8917468245269452,8.0,0.8,27.0,0.0,1,1,1,1,1,MMBA,MMBA9,15.0
STU0094,MMBA9-CMA,10.0,17.0,1.7,4.123105625617661,0.0,0.0,22.0,0.8,8.0,0.0,1,1,1,1,1,MMBA,MMBA9,20.0
STU0089,MMBA9-CMA,1.0,5.0,5.0,2.23606797749979,0.0,1.0,1.0,0.6,2.0,,1,1,1,0,1,MMBA,MMBA9,18.0
STU0101,MMBA9-CMA,8.0,42.0,5.25,5.5549205986353085,0.0,1.0,40.0,0.4,13.0,,1,1,1,0,1,MMBA,MMBA9,19.0
STU0076,MMBA9-CMA,239.0,1097.0,4.589958158995816,17.088861005488464,0.023701002734731084,0.0,45.0,0.6,509.0,0.020656833587141096,1,1,1,1,1,MMBA,MMBA9,24.0
STU0113,MMBA9-CMA,12.0,135.0,11.25,7.57383409925006,0.05185185185185185,0.09861218113400272,6.0,0.6,53.0,0.0,1,1,1,1,1,MMBA,MMBA9,23.0
STU0126,MMBA9-CMA,0.0,0.0,0.0,0.0,0.0,0.0,0.0,0.6,0.0,,0,0,1,0,1,MMBA,MMBA9,15.0
STU0136,MMBA9-CMA,1.0,3.0,3.0,1.7320508075688774,0.0,1.0,9.0,0.6,0.0,0.0,1,1,1,1,1,MMBA,MMBA9,17.0
STU0075,MMBA9-CMA,33.0,162.0,4.909090909090909,9.192388155425117,0.037037037037037035,0.0,3.0,0.8,73.0,0.08041147053134665,1,1,1,1,1,MMBA,MMBA9,20.0
STU0085,MMBA9-CMA,6.0,17.0,2.8333333333333335,4.123105625617661,0.0,0.5,10.0,1.0,10.0,0.0,1,1,1,1,1,MMBA,MMBA9,17.0
STU0137,MMBA9-CMA,244.0,836.0,3.4262295081967213,16.635732855979096,0.017942583732057416,0.4251035637707059,43.0,1.0,377.0,0.030245369687369433,1,1,1,1,1,MMBA,MMBA9,18.0
STU0120,MMBA9-CMA,4.0,8.0,2.0,2.82842712474619,0.0,1.0,3.0,0.8,2.0,0.0,1,1,1,1,1,MMBA,MMBA9,15.0
STU0084,MMBA9-CMA,0.0,0.0,0.0,0.0,0.0,0.0,6.0,1.0,0.0,,0,1,1,0,1,MMBA,MMBA9,18.0
STU0129,MMBA9-CMA,43.0,211.0,4.906976744186046,9.018411919761837,0.014218009478672985,0.15603500876167198,19.0,0.4,94.0,0.01432309049542886,1,1,1,1,1,MMBA,MMBA9,20.0
STU0138,MMBA9-CMA,2.0,4.0,2.0,2.0,0.0,1.0,1.0,0.8,2.0,0.0,1,1,1,1,1,MMBA,MMBA9,15.0
STU0104,MMBA9-CMA,6.0,159.0,26.5,7.771905540037812,0.025157232704402517,1.0,5.0,0.6,56.0,0.046998309612998765,1,1,1,1,1,MMBA,MMBA9,18.0
STU0127,MMBA9-CMA,3.0,26.0,8.666666666666666,4.314554973040049,0.0,0.5285954792089682,2.0,0.8,10.0,0.0,1,1,1,1,1,MMBA,MMBA9,17.0
STU0119,MMBA9-CMA,1.0,1.0,1.0,1.0,0.0,1.0,7.0,0.4,0.0,,1,1,1,0,1,MMBA,MMBA9,18.0
STU0090,MMBA9-CMA,101.0,840.0,8.316831683168317,14.62938985805791,0.014285714285714285,0.28141044815200966,106.0,0.8,345.0,0.0041018460311742075,1,1,1,1,1,MMBA,MMBA9,12.0
STU0096,MMBA9-CMA,1.0,4.0,4.0,2.0,0.0,1.0,1.0,0.8,2.0,,1,1,1,0,1,MMBA,MMBA9,17.0
STU0115,MMBA9-CMA,0.0,0.0,0.0,0.0,0.0,0.0,0.0,0.6,0.0,,0,0,1,0,1,MMBA,MMBA9,22.0
STU0100,MMBA9-CMA,38.0,209.0,5.5,9.614831047738438,0.014354066985645933,0.1751353674390801,63.0,1.0,93.0,0.02980652720142768,1,1,1,1,1,MMBA,MMBA9,20.0
STU0132,MMBA9-CMA,0.0,0.0,0.0,0.0,0.0,0.0,0.0,0.0,0.0,,0,0,0,0,1,MMBA,MMBA9,23.0
STU0079,MMBA9-CMA,13.0,49.0,3.769230769230769,6.714285714285714,0.02040816326530612,0.2385003894914104,5.0,1.0,18.0,0.03841041374558431,1,1,1,1,1,MMBA,MMBA9,15.0
STU0091,MMBA9-CMA,1.0,3.0,3.0,1.7320508075688774,0.0,1.0,1.0,0.6,1.0,,1,1,1,0,1,MMBA,MMBA9,18.0
STU0088,MMBA9-CMA,63.0,333.0,5.285714285714286,12.001126073291083,0.009009009009009009,0.3134729488546626,46.0,1.0,145.0,0.023316454566072467,1,1,1,1,1,MMBA,MMBA9,15.0
STU0134,MMBA9-CMA,38.0,134.0,3.526315789473684,8.638684255813601,0.029850746268656716,0.3970295138216,10.0,0.6,57.0,0.0,1,1,1,1,1,MMBA,MMBA9,15.0
STU0112,MMBA9-CMA,0.0,0.0,0.0,0.0,0.0,0.0,52.0,0.8,0.0,,0,1,1,0,1,MMBA,MMBA9,16.0
STU0074,MMBA9-CMA,41.0,75.0,1.829268292682927,6.812733176437583,0.0,1.0,4.0,0.8,36.0,0.0,1,1,1,1,1,MMBA,MMBA9,15.0
STU0082,MMBA9-CMA,120.0,262.0,2.183333333333333,10.379074662015618,0.0,0.0,75.0,0.6,128.0,0.0,1,1,1,1,1,MMBA,MMBA9,16.0
STU0118,MMBA9-CMA,63.0,384.0,6.095238095238095,10.716517624676404,0.036458333333333336,0.46336058716263595,12.0,0.4,177.0,0.15541509302947945,1,1,1,1,1,MMBA,MMBA9,17.0
STU0098,MMBA9-CMA,0.0,0.0,0.0,0.0,0.0,0.0,2.0,0.6,0.0,,0,1,1,0,1,MMBA,MMBA9,15.0
STU0106,MMBA9-CMA,3.0,8.0,2.6666666666666665,2.82842712474619,0.0,0.5285954792089682,7.0,0.8,7.0,0.0,1,1,1,1,1,MMBA,MMBA9,20.0
STU0110,MMBA9-CMA,79.0,211.0,2.670886075949367,11.840968322130045,0.037914691943127965,0.0,6.0,0.4,114.0,0.029023650348723777,1,1,1,1,1,MMBA,MMBA9,16.0
STU0123,MMBA9-CMA,1.0,7.0,7.0,2.2677868380553634,0.0,1.0,7.0,0.8,2.0,0.0,1,1,1,1,1,MMBA,MMBA9,16.0
STU0114,MMBA9-CMA,0.0,0.0,0.0,0.0,0.0,0.0,2.0,0.6,0.0,,0,1,1,0,1,MMBA,MMBA9,15.0
STU0130,MMBA9-CMA,0.0,0.0,0.0,0.0,0.0,0.0,1.0,0.8,0.0,,0,1,1,0,1,MMBA,MMBA9,16.0
STU0078,MMBA9-CMA,6.0,20.0,3.3333333333333335,4.47213595499958,0.0,1.0,0.0,0.6,7.0,0.0,1,0,1,1,1,MMBA,MMBA9,16.0
STU0097,MMBA9-CMA,69.0,644.0,9.333333333333334,13.082632743569071,0.021739130434782608,0.16211075248914442,64.0,0.8,229.0,0.00960680431973509,1,1,1,1,1,MMBA,MMBA9,20.0
STU0102,MMBA9-CMA,2.0,6.0,3.0,1.6329931618554523,0.0,1.0,3.0,0.8,3.0,0.0,1,1,1,1,1,MMBA,MMBA9,12.0
STU0131,MMBA9-CMA,50.0,193.0,3.86,10.293365235706332,0.010362694300518135,0.8302943725152286,3.0,0.0,98.0,0.02514887404448337,1,1,0,1,1,MMBA,MMBA9,23.0
STU0092,MMBA9-CMA,0.0,0.0,0.0,0.0,0.0,0.0,8.0,0.8,0.0,,0,1,1,0,1,MMBA,MMBA9,20.0
STU0111,MMBA9-CMA,36.0,132.0,3.6666666666666665,9.835387561496928,0.015151515151515152,0.0,18.0,0.8,57.0,0.0,1,1,1,1,1,MMBA,MMBA9,22.0
STU0080,MMBA9-CMA,36.0,190.0,5.277777777777778,9.93902462650716,0.031578947368421054,0.5360196364308316,65.0,0.8,81.0,0.035506903976505653,1,1,1,1,1,MMBA,MMBA9,16.0
STU0117,MMBA9-CMA,4.0,89.0,22.25,6.677986644040068,0.02247191011235955,1.0,8.0,0.8,37.0,0.02841713212437415,1,1,1,1,1,MMBA,MMBA9,18.0
STU0099,MMBA9-CMA,0.0,0.0,0.0,0.0,0.0,0.0,3.0,0.6,0.0,,0,1,1,0,1,MMBA,MMBA9,18.0
STU0121,MMBA9-CMA,43.0,255.0,5.930232558139535,10.144833515579423,0.03137254901960784,0.0,3.0,0.8,108.0,0.0,1,1,1,1,1,MMBA,MMBA9,18.0
STU0024,MMBA9-CMA,0.0,0.0,0.0,0.0,0.0,0.0,0.0,1.0,0.0,,0,0,1,0,1,MMBA,MMBA8,10.0
STU0128,MMBA9-CMA,0.0,0.0,0.0,0.0,0.0,0.0,2.0,1.0,0.0,,0,1,1,0,1,MMBA,MMBA9,18.0
STU0103,MMBA9-CMA,0.0,0.0,0.0,0.0,0.0,0.0,0.0,0.8,0.0,,0,0,1,0,1,MMBA,MMBA9,12.0
STU0139,MMBA9-CMA,0.0,0.0,0.0,0.0,0.0,0.0,1.0,0.8,0.0,,0,1,1,0,1,MMBA,MMBA9,15.0
STU0108,MMBA9-CMA,0.0,0.0,0.0,0.0,0.0,0.0,0.0,1.0,0.0,,0,0,1,0,1,MMBA,MMBA9,11.0
STU0124,MMBA9-CMA,10.0,30.0,3.0,5.11207720338155,0.0,0.6535898384862247,1.0,1.0,15.0,0.0,1,1,1,1,1,MMBA,MMBA9,16.0
STU0125,MMBA9-CMA,0.0,0.0,0.0,0.0,0.0,0.0,0.0,0.2,0.0,,0,0,1,0,1,MMBA,MMBA9,6.0
STU0133,MMBA9-OPM,54.0,683.0,12.648148148148149,13.468905679563505,0.01171303074670571,0.0,101.0,1.0,245.0,0.0,1,1,1,1,1,MMBA,MMBA9,21.0
STU0077,MMBA9-OPM,126.0,1412.0,11.206349206349206,14.743222382922081,0.020538243626062325,0.25395418227838196,47.0,1.0,502.0,0.004153120447963793,1,1,1,1,1,MMBA,MMBA9,23.0
STU0135,MMBA9-OPM,156.0,1576.0,10.102564102564102,16.423642732632036,0.014593908629441625,0.0,15.0,1.0,604.0,0.0,1,1,1,1,1,MMBA,MMBA9,22.0
STU0083,MMBA9-OPM,91.0,946.0,10.395604395604396,14.078044321704988,0.017970401691331923,0.0,39.0,1.0,362.0,0.0,1,1,1,1,1,MMBA,MMBA9,22.0
STU0107,MMBA9-OPM,11.0,181.0,16.454545454545453,9.142517998840146,0.016574585635359115,0.35717565346677493,16.0,0.8333333333333334,83.0,,1,1,1,0,1,MMBA,MMBA9,22.0
STU0095,MMBA9-OPM,21.0,443.0,21.095238095238095,12.590529960857868,0.03611738148984198,0.0,18.0,1.0,183.0,0.01175357790355553,1,1,1,1,1,MMBA,MMBA9,20.0
STU0116,MMBA9-OPM,41.0,510.0,12.439024390243903,12.398608397561334,0.021568627450980392,0.8772384644671423,32.0,1.0,211.0,0.0,1,1,1,1,1,MMBA,MMBA9,22.0
STU0122,MMBA9-OPM,82.0,623.0,7.597560975609756,12.940721745472313,0.016051364365971106,0.24503428540091488,16.0,1.0,303.0,,1,1,1,0,1,MMBA,MMBA9,22.0
STU0140,MMBA9-OPM,29.0,472.0,16.275862068965516,11.829383839993456,0.01059322033898305,0.13954173461090114,30.0,1.0,178.0,0.0,1,1,1,1,1,MMBA,MMBA9,20.0
STU0073,MMBA9-OPM,58.0,655.0,11.293103448275861,13.050459908248211,0.016793893129770993,0.2185260428019148,15.0,1.0,255.0,0.0,1,1,1,1,1,MMBA,MMBA9,19.0
STU0081,MMBA9-OPM,119.0,1021.0,8.579831932773109,15.929601492876126,0.03623898139079334,0.33230547894399876,80.0,1.0,372.0,0.0,1,1,1,1,1,MMBA,MMBA9,24.0
STU0109,MMBA9-OPM,15.0,274.0,18.266666666666666,10.028426749280937,0.01824817518248175,0.14625010167562025,29.0,0.8333333333333334,110.0,0.0,1,1,1,1,1,MMBA,MMBA9,20.0
STU0087,MMBA9-OPM,26.0,153.0,5.884615384615385,7.599449584471767,0.006535947712418301,0.0,61.0,0.8333333333333334,60.0,0.0,1,1,1,1,1,MMBA,MMBA9,21.0
STU0093,MMBA9-OPM,117.0,981.0,8.384615384615385,16.346901934440982,0.03669724770642202,0.009178762179337996,110.0,1.0,417.0,0.0,1,1,1,1,1,MMBA,MMBA9,22.0
STU0086,MMBA9-OPM,7.0,175.0,25.0,8.390811300804845,0.03428571428571429,1.0,5.0,0.8333333333333334,71.0,,1,1,1,0,1,MMBA,MMBA9,20.0
STU0105,MMBA9-OPM,10.0,169.0,16.9,8.076923076923077,0.05917159763313609,0.4836022205056778,34.0,1.0,73.0,0.0,1,1,1,1,1,MMBA,MMBA9,19.0
STU0094,MMBA9-OPM,27.0,538.0,19.925925925925927,12.589013915929424,0.01486988847583643,0.0,11.0,1.0,184.0,,1,1,1,0,1,MMBA,MMBA9,21.0
STU0089,MMBA9-OPM,8.0,157.0,19.625,8.699147040697081,0.03821656050955414,1.0,5.0,0.8333333333333334,62.0,,1,1,1,0,1,MMBA,MMBA9,19.0
STU0101,MMBA9-OPM,36.0,418.0,11.61111111111111,11.054021329806119,0.009569377990430622,0.24096660992891872,102.0,1.0,144.0,0.0,1,1,1,1,1,MMBA,MMBA9,21.0
STU0076,MMBA9-OPM,83.0,703.0,8.46987951807229,14.06796144144792,0.021337126600284494,0.16267227210149138,87.0,1.0,305.0,0.017714565268584507,1,1,1,1,1,MMBA,MMBA9,24.0
STU0113,MMBA9-OPM,59.0,1058.0,17.93220338983051,14.695523539442162,0.024574669187145556,0.4116422048233972,19.0,1.0,417.0,0.003912515764829861,1,1,1,1,1,MMBA,MMBA9,23.0
STU0126,MMBA9-OPM,12.0,121.0,10.083333333333334,7.363636363636363,0.008264462809917356,0.5669872981077807,13.0,1.0,44.0,0.0,1,1,1,1,1,MMBA,MMBA9,19.0
STU0136,MMBA9-OPM,21.0,471.0,22.428571428571427,11.335081668568648,0.016985138004246284,0.03657200600041166,19.0,1.0,214.0,,1,1,1,0,1,MMBA,MMBA9,21.0
STU0075,MMBA9-OPM,99.0,1289.0,13.02020202020202,14.98496790101899,0.01474010861132661,0.27039282258414254,18.0,0.8333333333333334,513.0,0.0016417199387294638,1,1,1,1,1,MMBA,MMBA9,23.0
STU0085,MMBA9-OPM,14.0,299.0,21.357142857142858,10.409668775392324,0.026755852842809364,0.3453463292920229,12.0,0.8333333333333334,119.0,,1,1,1,0,1,MMBA,MMBA9,19.0
STU0137,MMBA9-OPM,72.0,807.0,11.208333333333334,13.235826863604741,0.040892193308550186,0.24126316527919922,138.0,1.0,338.0,0.016490364624589252,1,1,1,1,1,MMBA,MMBA9,20.0
STU0120,MMBA9-OPM,22.0,184.0,8.363636363636363,8.25674954467424,0.016304347826086956,0.1536824215897611,19.0,1.0,70.0,0.0,1,1,1,1,1,MMBA,MMBA9,19.0
STU0084,MMBA9-OPM,22.0,713.0,32.40909090909091,11.122737411156102,0.02244039270687237,0.614305392080065,11.0,1.0,199.0,0.016001638008507964,1,1,1,1,1,MMBA,MMBA9,20.0
STU0129,MMBA9-OPM,59.0,446.0,7.559322033898305,11.174923881924931,0.017937219730941704,0.4116422048233972,40.0,1.0,158.0,0.0,1,1,1,1,1,MMBA,MMBA9,21.0
STU0138,MMBA9-OPM,0.0,0.0,0.0,0.0,0.0,0.0,13.0,1.0,0.0,,0,1,1,0,1,MMBA,MMBA9,19.0
STU0104,MMBA9-OPM,13.0,98.0,7.538461538461538,7.0710678118654755,0.02040816326530612,0.0,6.0,1.0,47.0,0.0,1,1,1,1,1,MMBA,MMBA9,19.0
STU0127,MMBA9-OPM,29.0,333.0,11.482758620689655,9.589940926145841,0.015015015015015015,0.5611061358152464,11.0,1.0,119.0,,1,1,1,0,1,MMBA,MMBA9,22.0
STU0119,MMBA9-OPM,3.0,72.0,24.0,6.128258770283413,0.05555555555555555,1.0,13.0,1.0,27.0,,1,1,1,0,1,MMBA,MMBA9,19.0
STU0090,MMBA9-OPM,59.0,797.0,13.508474576271187,13.354025140494103,0.01631116687578419,0.38841971007902654,70.0,1.0,280.0,0.0,1,1,1,1,1,MMBA,MMBA9,22.0
STU0096,MMBA9-OPM,18.0,151.0,8.38888888888889,9.03305189235987,0.033112582781456956,0.5590414481559016,7.0,1.0,74.0,,1,1,1,0,1,MMBA,MMBA9,21.0
STU0115,MMBA9-OPM,75.0,966.0,12.88,14.028070055513753,0.025879917184265012,0.0,5.0,1.0,369.0,0.047593773794280765,1,1,1,1,1,MMBA,MMBA9,22.0
STU0100,MMBA9-OPM,88.0,874.0,9.931818181818182,13.597852838983941,0.017162471395881007,0.23167795024680304,51.0,1.0,366.0,0.006840622288738136,1,1,1,1,1,MMBA,MMBA9,20.0
STU0132,MMBA9-OPM,0.0,0.0,0.0,0.0,0.0,0.0,0.0,0.0,0.0,,0,0,0,0,1,MMBA,MMBA9,20.0
STU0079,MMBA9-OPM,37.0,69.0,1.864864864864865,6.982379478974614,0.014492753623188406,0.018059344617029738,18.0,0.8333333333333334,36.0,0.03258124785378046,1,1,1,1,1,MMBA,MMBA9,21.0
STU0091,MMBA9-OPM,4.0,50.0,12.5,5.79827560572969,0.02,0.5669872981077807,16.0,1.0,21.0,0.0,1,1,1,1,1,MMBA,MMBA9,19.0
STU0088,MMBA9-OPM,75.0,694.0,9.253333333333334,14.84215703192196,0.040345821325648415,0.6084219958509757,64.0,1.0,280.0,0.0,1,1,1,1,1,MMBA,MMBA9,22.0
STU0134,MMBA9-OPM,84.0,851.0,10.130952380952381,14.054618988916749,0.012925969447708578,0.19874672997791243,50.0,0.8333333333333334,344.0,0.0,1,1,1,1,1,MMBA,MMBA9,20.0
STU0112,MMBA9-OPM,15.0,307.0,20.466666666666665,10.444361663296897,0.019543973941368076,0.34003367089255565,24.0,0.8333333333333334,112.0,,1,1,1,0,1,MMBA,MMBA9,20.0
STU0074,MMBA9-OPM,21.0,306.0,14.571428571428571,10.46141369369304,0.0392156862745098,0.0,25.0,0.6666666666666666,131.0,,1,1,1,0,1,MMBA,MMBA9,19.0
STU0082,MMBA9-OPM,57.0,870.0,15.263157894736842,13.052722444700601,0.028735632183908046,0.4580300704515714,67.0,1.0,309.0,0.06248724432561511,1,1,1,1,1,MMBA,MMBA9,20.0
STU0118,MMBA9-OPM,89.0,877.0,9.853932584269662,14.114857081171342,0.019384264538198404,0.3288926670104292,61.0,0.6666666666666666,396.0,0.04625557645826696,1,1,1,1,1,MMBA,MMBA9,20.0
STU0098,MMBA9-OPM,0.0,0.0,0.0,0.0,0.0,0.0,10.0,1.0,0.0,,0,1,1,0,1,MMBA,MMBA9,19.0
STU0106,MMBA9-OPM,42.0,569.0,13.547619047619047,11.738210628208918,0.0017574692442882249,0.460726111766375,17.0,1.0,216.0,0.0074988788022836,1,1,1,1,1,MMBA,MMBA9,20.0
STU0110,MMBA9-OPM,62.0,680.0,10.96774193548387,13.72867330036793,0.033823529411764704,0.3166541882479078,21.0,1.0,307.0,0.01259086116072288,1,1,1,1,1,MMBA,MMBA9,23.0
STU0123,MMBA9-OPM,16.0,258.0,16.125,9.6498784986527,0.03488372093023256,1.0,22.0,1.0,99.0,,1,1,1,0,1,MMBA,MMBA9,20.0
STU0114,MMBA9-OPM,11.0,217.0,19.727272727272727,8.62132176293706,0.027649769585253458,1.0,13.0,1.0,92.0,,1,1,1,0,1,MMBA,MMBA9,20.0
STU0130,MMBA9-OPM,11.0,93.0,8.454545454545455,7.77713771047819,0.03225806451612903,1.0,5.0,0.5,41.0,0.014902640472190132,1,1,1,1,1,MMBA,MMBA9,18.0
STU0078,MMBA9-OPM,13.0,184.0,14.153846153846153,9.510006171990865,0.010869565217391304,0.2385003894914104,23.0,1.0,66.0,,1,1,1,0,1,MMBA,MMBA9,20.0
STU0097,MMBA9-OPM,35.0,237.0,6.771428571428571,10.133288918401442,0.02531645569620253,0.34430801988348547,20.0,1.0,89.0,0.0,1,1,1,1,1,MMBA,MMBA9,19.0
STU0102,MMBA9-OPM,12.0,126.0,10.5,7.216053531635458,0.031746031746031744,0.0,13.0,0.6666666666666666,52.0,,1,1,1,0,1,MMBA,MMBA9,19.0
STU0131,MMBA9-OPM,31.0,162.0,5.225806451612903,9.66379267621615,0.04938271604938271,0.30613910516551923,14.0,0.0,71.0,0.0,1,1,0,1,1,MMBA,MMBA9,20.0
STU0092,MMBA9-OPM,6.0,12.0,2.0,3.1754264805429417,0.0,1.0,12.0,1.0,3.0,,1,1,1,0,1,MMBA,MMBA9,16.0
STU0111,MMBA9-OPM,42.0,729.0,17.357142857142858,12.518518518518519,0.0205761316872428,0.04538951444145467,72.0,1.0,268.0,0.04958845022057181,1,1,1,1,1,MMBA,MMBA9,21.0
STU0080,MMBA9-OPM,25.0,319.0,12.76,10.078065197205378,0.01567398119122257,0.2384226894136091,54.0,0.6666666666666666,125.0,0.0,1,1,1,1,1,MMBA,MMBA9,20.0
STU0117,MMBA9-OPM,13.0,255.0,19.615384615384617,9.956966228253878,0.027450980392156862,0.0,22.0,1.0,100.0,0.0,1,1,1,1,1,MMBA,MMBA9,20.0
STU0099,MMBA9-OPM,0.0,0.0,0.0,0.0,0.0,0.0,9.0,0.8333333333333334,0.0,,0,1,1,0,1,MMBA,MMBA9,20.0
STU0121,MMBA9-OPM,79.0,961.0,12.164556962025317,14.064516129032258,0.013527575442247659,0.0,19.0,1.0,351.0,0.0,1,1,1,1,1,MMBA,MMBA9,20.0
STU0024,MMBA9-OPM,3.0,5.0,1.6666666666666667,2.23606797749979,0.0,1.0,6.0,0.5,2.0,0.0,1,1,1,1,1,MMBA,MMBA8,17.0
STU0103,MMBA9-OPM,38.0,494.0,13.0,12.192866435044468,0.04048582995951417,0.4743425169621531,5.0,1.0,197.0,,1,1,1,0,1,MMBA,MMBA9,17.0
STU0139,MMBA9-OPM,53.0,769.0,14.50943396226415,12.801627416049485,0.014304291287386216,0.0,14.0,1.0,310.0,0.0701485424139856,1,1,1,1,1,MMBA,MMBA9,20.0
STU0144,MMBA9-OPM,12.0,108.0,9.0,8.082903768654761,0.0,0.0,6.0,1.0,48.0,,1,1,1,0,1,MMBA,MMBA9,19.0
STU0147,MMBA9-OPM,56.0,789.0,14.089285714285714,12.673935610258498,0.021546261089987327,0.0,0.0,0.8333333333333334,316.0,0.03876475617350641,1,0,1,1,1,MMBA,MMBA9,22.0
STU0145,MMBA9-OPM,31.0,165.0,5.32258064516129,9.264137435522123,0.006060606060606061,0.47467863262394117,19.0,1.0,62.0,0.009605458293653155,1,1,1,1,1,MMBA,MMBA9,20.0
STU0152,MMBA9-OPM,29.0,148.0,5.103448275862069,7.89115139065715,0.02027027027027027,0.15887510912755398,12.0,1.0,62.0,0.0,1,1,1,1,1,MMBA,MMBA9,21.0
STU0146,MMBA9-OPM,67.0,307.0,4.582089552238806,10.558507692403968,0.02280130293159609,0.6677302182843133,15.0,0.5,138.0,0.08611365293236165,1,1,1,1,1,MMBA,MMBA9,20.0
STU0149,MMBA9-OPM,73.0,862.0,11.808219178082192,12.636310146032685,0.019721577726218097,0.3115160617463527,12.0,0.8333333333333334,326.0,0.027347838463067063,1,1,1,1,1,MMBA,MMBA9,20.0
STU0143,MMBA9-OPM,0.0,0.0,0.0,0.0,0.0,0.0,1.0,0.8333333333333334,0.0,,0,1,1,0,1,MMBA,MMBA9,20.0
STU0108,MMBA9-OPM,16.0,239.0,14.9375,9.443954919356003,0.03765690376569038,1.0,5.0,0.8333333333333334,87.0,,1,1,1,0,1,MMBA,MMBA9,22.0
STU0141,MMBA9-OPM,10.0,50.0,5.0,5.374011537017761,0.0,0.0,7.0,1.0,18.0,0.0,1,1,1,1,1,MMBA,MMBA9,19.0
STU0148,MMBA9-OPM,2.0,5.0,2.5,2.23606797749979,0.0,1.0,9.0,0.3333333333333333,2.0,0.0,1,1,1,1,1,MMBA,MMBA9,16.0
STU0151,MMBA9-OPM,26.0,314.0,12.076923076923077,9.480788486116086,0.01910828025477707,0.6474941773110892,10.0,0.8333333333333334,115.0,0.12296120750753564,1,1,1,1,1,MMBA,MMBA9,15.0
STU0142,MMBA9-OPM,0.0,0.0,0.0,0.0,0.0,0.0,0.0,0.0,0.0,,0,0,0,0,1,MMBA,MMBA9,15.0
STU0150,MMBA9-OPM,0.0,0.0,0.0,0.0,0.0,0.0,1.0,1.0,0.0,,0,1,1,0,1,MMBA,MMBA9,18.0
STU0133,MMBA9-BE,21.0,226.0,10.761904761904763,9.445699494375898,0.004424778761061947,0.6220355269907727,81.0,1.0,70.0,0.054240912550680656,1,1,1,1,1,MMBA,MMBA9,22.0
STU0077,MMBA9-BE,37.0,823.0,22.243243243243242,12.269948669013196,0.013365735115431349,0.7959504206683581,20.0,1.0,311.0,0.15255978403239573,1,1,1,1,1,MMBA,MMBA9,22.0
STU0135,MMBA9-BE,36.0,593.0,16.47222222222222,11.70354726353284,0.02866779089376054,0.42264973081037427,2.0,1.0,212.0,0.11287907060435327,1,1,1,1,1,MMBA,MMBA9,20.0
STU0083,MMBA9-BE,3.0,12.0,4.0,3.464101615137755,0.0,1.0,12.0,1.0,4.0,0.0,1,1,1,1,1,MMBA,MMBA9,22.0
STU0107,MMBA9-BE,11.0,213.0,19.363636363636363,8.016707904982121,0.056338028169014086,1.0,10.0,0.6666666666666666,75.0,0.01654640875902864,1,1,1,1,1,MMBA,MMBA9,22.0
STU0095,MMBA9-BE,12.0,192.0,16.0,8.876760388790496,0.010416666666666666,0.5285954792089682,17.0,1.0,76.0,,1,1,1,0,1,MMBA,MMBA9,20.0
STU0116,MMBA9-BE,30.0,537.0,17.9,12.126045041259097,0.01303538175046555,0.47084973778708183,25.0,1.0,219.0,0.159977504847684,1,1,1,1,1,MMBA,MMBA9,22.0
STU0122,MMBA9-BE,4.0,37.0,9.25,4.931969619160719,0.0,1.0,10.0,1.0,13.0,0.0,1,1,1,1,1,MMBA,MMBA9,22.0
STU0140,MMBA9-BE,11.0,185.0,16.818181818181817,9.925397398266405,0.010810810810810811,0.35717565346677493,5.0,1.0,66.0,0.0,1,1,1,1,1,MMBA,MMBA9,20.0
STU0073,MMBA9-BE,12.0,167.0,13.916666666666666,8.58943788112892,0.0,0.5285954792089682,1.0,1.0,58.0,0.0,1,1,1,1,1,MMBA,MMBA9,22.0
STU0081,MMBA9-BE,18.0,378.0,21.0,11.212710097245346,0.05555555555555555,0.42264973081037427,19.0,1.0,159.0,0.04365589305033972,1,1,1,1,1,MMBA,MMBA9,22.0
STU0109,MMBA9-BE,0.0,0.0,0.0,0.0,0.0,0.0,6.0,0.6666666666666666,0.0,,0,1,1,0,1,MMBA,MMBA9,20.0
STU0087,MMBA9-BE,16.0,180.0,11.25,8.571593913749194,0.03888888888888889,0.4696699141100894,3.0,1.0,80.0,0.0,1,1,1,1,1,MMBA,MMBA9,23.33333333333333
STU0093,MMBA9-BE,31.0,369.0,11.903225806451612,10.567757887795677,0.02981029810298103,0.3559148760485188,29.0,1.0,177.0,0.13266524685573408,1,1,1,1,1,MMBA,MMBA9,22.0
STU0086,MMBA9-BE,24.0,448.0,18.666666666666668,11.858635340664504,0.017857142857142856,0.7642977396044841,0.0,1.0,171.0,0.0,1,0,1,1,1,MMBA,MMBA9,22.0
STU0105,MMBA9-BE,0.0,0.0,0.0,0.0,0.0,0.0,30.0,1.0,0.0,,0,1,1,0,1,MMBA,MMBA9,24.0
STU0094,MMBA9-BE,13.0,123.0,9.461538461538462,7.664191894673174,0.024390243902439025,0.6736430240677473,4.0,1.0,51.0,0.06347767342613404,1,1,1,1,1,MMBA,MMBA9,23.0
STU0089,MMBA9-BE,0.0,0.0,0.0,0.0,0.0,0.0,1.0,0.6666666666666666,0.0,,0,1,1,0,1,MMBA,MMBA9,21.666666666666668
STU0101,MMBA9-BE,8.0,146.0,18.25,7.117410641980364,0.0,0.0,20.0,0.6666666666666666,59.0,,1,1,1,0,1,MMBA,MMBA9,22.0
STU0076,MMBA9-BE,23.0,223.0,9.695652173913043,9.442058375572193,0.026905829596412557,0.9246934431491792,13.0,1.0,104.0,0.021493708308470992,1,1,1,1,1,MMBA,MMBA9,22.0
STU0113,MMBA9-BE,15.0,305.0,20.333333333333332,10.764848685100723,0.006557377049180328,0.34003367089255565,18.0,1.0,121.0,0.09020495905474034,1,1,1,1,1,MMBA,MMBA9,21.0
STU0126,MMBA9-BE,0.0,0.0,0.0,0.0,0.0,0.0,4.0,0.6666666666666666,0.0,,0,1,1,0,1,MMBA,MMBA9,20.0
STU0136,MMBA9-BE,13.0,234.0,18.0,9.348202441586771,0.021367521367521368,0.33382661247350864,9.0,1.0,103.0,0.0,1,1,1,1,1,MMBA,MMBA9,22.0
STU0075,MMBA9-BE,18.0,281.0,15.61111111111111,10.32031476250376,0.017793594306049824,1.0,4.0,1.0,111.0,0.0,1,1,1,1,1,MMBA,MMBA9,22.0
STU0085,MMBA9-BE,9.0,167.0,18.555555555555557,8.744202527635746,0.011976047904191617,0.0,7.0,1.0,64.0,0.0,1,1,1,1,1,MMBA,MMBA9,22.0
STU0137,MMBA9-BE,52.0,824.0,15.846153846153847,12.924397415109508,0.03398058252427184,0.6522472823072092,61.0,1.0,310.0,0.0929755959102,1,1,1,1,1,MMBA,MMBA9,22.0
STU0120,MMBA9-BE,1.0,3.0,3.0,1.7320508075688774,0.0,1.0,6.0,1.0,1.0,0.0,1,1,1,1,1,MMBA,MMBA9,23.33333333333333
STU0084,MMBA9-BE,8.0,224.0,28.0,8.752805672631899,0.017857142857142856,1.0,3.0,1.0,53.0,,1,1,1,0,1,MMBA,MMBA9,21.666666666666668
STU0129,MMBA9-BE,22.0,311.0,14.136363636363637,9.583110813391253,0.01929260450160772,0.30023616734815217,8.0,1.0,113.0,0.0294979401670551,1,1,1,1,1,MMBA,MMBA9,23.33333333333333
STU0138,MMBA9-BE,7.0,57.0,8.142857142857142,6.490208549618715,0.017543859649122806,1.0,3.0,1.0,31.0,0.05257004676149473,1,1,1,1,1,MMBA,MMBA9,22.0
STU0104,MMBA9-BE,15.0,300.0,20.0,9.757219549304674,0.02,1.0,2.0,0.6666666666666666,93.0,,1,1,1,0,1,MMBA,MMBA9,23.0
STU0127,MMBA9-BE,26.0,237.0,9.115384615384615,9.87346099741679,0.025423728813559324,0.0,3.0,1.0,117.0,0.005857436277882822,1,1,1,1,1,MMBA,MMBA9,22.0
STU0119,MMBA9-BE,9.0,131.0,14.555555555555555,6.640150830623888,0.03816793893129771,1.0,2.0,1.0,50.0,0.02913961241080817,1,1,1,1,1,MMBA,MMBA9,23.33333333333333
STU0090,MMBA9-BE,15.0,243.0,16.2,8.852704127574262,0.012345679012345678,0.19999999999999996,39.0,1.0,81.0,0.0,1,1,1,1,1,MMBA,MMBA9,23.0
STU0096,MMBA9-BE,27.0,317.0,11.74074074074074,10.839959956623398,0.015772870662460567,0.5993831916151123,16.0,1.0,130.0,0.039347411616191014,1,1,1,1,1,MMBA,MMBA9,22.0
STU0115,MMBA9-BE,8.0,95.0,11.875,7.2844462998045945,0.010526315789473684,1.0,0.0,0.6666666666666666,37.0,,1,0,1,0,1,MMBA,MMBA9,20.0
STU0100,MMBA9-BE,13.0,175.0,13.461538461538462,8.541997090008536,0.040229885057471264,0.03923107716947716,28.0,1.0,61.0,0.0798471331560291,1,1,1,1,1,MMBA,MMBA9,22.0
STU0132,MMBA9-BE,0.0,0.0,0.0,0.0,0.0,0.0,0.0,0.0,0.0,,0,0,0,0,1,MMBA,MMBA9,22.0
STU0079,MMBA9-BE,5.0,35.0,7.0,5.408987230262506,0.0,0.1514718625761431,4.0,0.6666666666666666,16.0,,1,1,1,0,1,MMBA,MMBA9,22.0
STU0091,MMBA9-BE,0.0,0.0,0.0,0.0,0.0,0.0,1.0,0.6666666666666666,0.0,,0,1,1,0,1,MMBA,MMBA9,22.0
STU0088,MMBA9-BE,32.0,398.0,12.4375,12.130363912233468,0.01507537688442211,0.2137658984119296,26.0,1.0,177.0,0.02144043662359484,1,1,1,1,1,MMBA,MMBA9,22.0
STU0134,MMBA9-BE,17.0,304.0,17.88235294117647,9.979584423369436,0.009868421052631578,0.331893135788203,14.0,1.0,110.0,0.0,1,1,1,1,1,MMBA,MMBA9,22.0
STU0112,MMBA9-BE,20.0,396.0,19.8,11.50768298471798,0.012626262626262626,0.717157287525381,17.0,1.0,145.0,0.028583107133916943,1,1,1,1,1,MMBA,MMBA9,22.0
STU0074,MMBA9-BE,0.0,0.0,0.0,0.0,0.0,0.0,0.0,0.6666666666666666,0.0,,0,0,1,0,1,MMBA,MMBA9,20.0
STU0082,MMBA9-BE,9.0,108.0,12.0,7.601778544330072,0.018518518518518517,0.0,8.0,1.0,50.0,0.0,1,1,1,1,1,MMBA,MMBA9,23.33333333333333
STU0118,MMBA9-BE,27.0,347.0,12.851851851851851,10.14605160209586,0.023054755043227664,0.4908249227826844,21.0,1.0,128.0,0.010469873601773011,1,1,1,1,1,MMBA,MMBA9,20.0
STU0098,MMBA9-BE,7.0,233.0,33.285714285714285,8.254534454213271,0.004291845493562232,1.0,5.0,1.0,73.0,,1,1,1,0,1,MMBA,MMBA9,18.0
STU0106,MMBA9-BE,5.0,27.0,5.4,5.003702332976757,0.0,1.0,5.0,1.0,14.0,0.0,1,1,1,1,1,MMBA,MMBA9,22.0
STU0110,MMBA9-BE,25.0,229.0,9.16,9.317542266416766,0.017467248908296942,0.39601324517834013,4.0,1.0,112.0,0.0,1,1,1,1,1,MMBA,MMBA9,22.0
STU0123,MMBA9-BE,15.0,234.0,15.6,8.75985403617222,0.017094017094017096,1.0,11.0,1.0,129.0,,1,1,1,0,1,MMBA,MMBA9,22.0
STU0114,MMBA9-BE,12.0,222.0,18.5,8.859259928825121,0.013513513513513514,0.7642977396044841,9.0,1.0,102.0,0.03201506067139502,1,1,1,1,1,MMBA,MMBA9,23.0
STU0130,MMBA9-BE,0.0,0.0,0.0,0.0,0.0,0.0,1.0,1.0,0.0,,0,1,1,0,1,MMBA,MMBA9,23.0
STU0078,MMBA9-BE,14.0,411.0,29.357142857142858,10.013251560439898,0.021897810218978103,1.0,4.0,0.6666666666666666,126.0,0.032619877499129625,1,1,1,1,1,MMBA,MMBA9,21.666666666666668
STU0097,MMBA9-BE,22.0,145.0,6.590909090909091,9.384139223472616,0.0,0.0,6.0,1.0,62.0,,1,1,1,0,1,MMBA,MMBA9,20.0
STU0102,MMBA9-BE,11.0,159.0,14.454545454545455,8.406346808612328,0.025157232704402517,1.0,7.0,1.0,66.0,0.10964407650897974,1,1,1,1,1,MMBA,MMBA9,22.0
STU0131,MMBA9-BE,13.0,138.0,10.615384615384615,8.682816613739236,0.014492753623188406,0.6736430240677473,6.0,0.0,57.0,,1,1,0,0,1,MMBA,MMBA9,22.0
STU0092,MMBA9-BE,5.0,36.0,7.2,5.333333333333333,0.0,1.0,1.0,1.0,15.0,0.0,1,1,1,1,1,MMBA,MMBA9,23.0
STU0111,MMBA9-BE,15.0,170.0,11.333333333333334,8.590007875090548,0.011764705882352941,0.0,27.0,1.0,68.0,0.05007922702107057,1,1,1,1,1,MMBA,MMBA9,22.0
STU0080,MMBA9-BE,19.0,372.0,19.57894736842105,10.991687964142509,0.024193548387096774,0.37135182922214327,18.0,1.0,153.0,0.13956045350344376,1,1,1,1,1,MMBA,MMBA9,20.0
STU0117,MMBA9-BE,12.0,198.0,16.5,9.09656389783938,0.025252525252525252,0.7642977396044841,5.0,1.0,88.0,0.054760905318204246,1,1,1,1,1,MMBA,MMBA9,23.0
STU0099,MMBA9-BE,8.0,86.0,10.75,6.577799165409743,0.011627906976744186,1.0,8.0,1.0,48.0,0.04831309222072008,1,1,1,1,1,MMBA,MMBA9,22.0
STU0121,MMBA9-BE,15.0,265.0,17.666666666666668,8.477272612308527,0.033962264150943396,0.15147186257614298,5.0,1.0,89.0,0.0,1,1,1,1,1,MMBA,MMBA9,23.0
STU0024,MMBA9-BE,1.0,10.0,10.0,3.162277660168379,0.0,1.0,1.0,0.6666666666666666,4.0,0.0510542896302674,1,1,1,1,1,MMBA,MMBA8,20.0
STU0133,MMBA9-IMRT,32.0,323.0,10.09375,10.516241309011022,0.02476780185758514,0.13991506596731973,71.0,1.0,126.0,0.012716526642540823,1,1,1,1,1,MMBA,MMBA9,20.8
STU0077,MMBA9-IMRT,29.0,393.0,13.551724137931034,10.895758681794875,0.043256997455470736,0.17721700376214788,39.0,1.0,140.0,0.02735928749682724,1,1,1,1,1,MMBA,MMBA9,24.6
STU0135,MMBA9-IMRT,8.0,72.0,9.0,7.188918942063234,0.013888888888888888,0.6464466094067263,9.0,1.0,27.0,0.0,1,1,1,1,1,MMBA,MMBA9,20.8
STU0083,MMBA9-IMRT,22.0,161.0,7.318181818181818,9.772569037364848,0.024844720496894408,0.35717565346677493,12.0,0.8,75.0,0.015920447068162768,1,1,1,1,1,MMBA,MMBA9,20.0
STU0107,MMBA9-IMRT,7.0,253.0,36.142857142857146,8.487377281736075,0.023715415019762844,1.0,14.0,1.0,92.0,0.04645734111314751,1,1,1,1,1,MMBA,MMBA9,15.499999999999998
STU0095,MMBA9-IMRT,12.0,224.0,18.666666666666668,9.287328156456747,0.0625,0.5285954792089682,24.0,1.0,92.0,0.06063094740048837,1,1,1,1,1,MMBA,MMBA9,22.3
STU0116,MMBA9-IMRT,14.0,208.0,14.857142857142858,9.429903335828895,0.019230769230769232,1.0,24.0,1.0,92.0,0.11005726916388456,1,1,1,1,1,MMBA,MMBA9,19.3
STU0122,MMBA9-IMRT,26.0,241.0,9.26923076923077,9.662349396012463,0.004149377593360996,0.23173137094468532,16.0,1.0,111.0,0.0685850310058096,1,1,1,1,1,MMBA,MMBA9,23.1
STU0140,MMBA9-IMRT,15.0,233.0,15.533333333333333,8.451070988837397,0.004291845493562232,0.15147186257614298,9.0,1.0,90.0,0.0,1,1,1,1,1,MMBA,MMBA9,20.5
STU0073,MMBA9-IMRT,3.0,5.0,1.6666666666666667,2.23606797749979,0.0,1.0,3.0,1.0,3.0,0.0,1,1,1,1,1,MMBA,MMBA9,19.7
STU0081,MMBA9-IMRT,29.0,417.0,14.379310344827585,11.067267615361253,0.026378896882494004,0.022245042844287854,69.0,1.0,150.0,0.012858427139830786,1,1,1,1,1,MMBA,MMBA9,22.8
STU0109,MMBA9-IMRT,9.0,204.0,22.666666666666668,8.75175052517506,0.0196078431372549,1.0,16.0,1.0,91.0,0.12448628464368418,1,1,1,1,1,MMBA,MMBA9,20.5
STU0087,MMBA9-IMRT,18.0,148.0,8.222222222222221,8.055550377962508,0.0,0.5285954792089684,7.0,1.0,65.0,0.058814256784930415,1,1,1,1,1,MMBA,MMBA9,22.0
STU0093,MMBA9-IMRT,53.0,830.0,15.660377358490566,12.842887488261532,0.01325301204819277,0.3072618962005351,39.0,1.0,355.0,0.019929388235876144,1,1,1,1,1,MMBA,MMBA9,24.8
STU0086,MMBA9-IMRT,0.0,0.0,0.0,0.0,0.0,0.0,0.0,1.0,0.0,,0,0,1,0,1,MMBA,MMBA9,13.7
STU0105,MMBA9-IMRT,2.0,64.0,32.0,6.75,0.015625,1.0,22.0,1.0,25.0,0.0,1,1,1,1,1,MMBA,MMBA9,18.2
STU0094,MMBA9-IMRT,13.0,146.0,11.23076923076923,7.448452997421311,0.0273972602739726,1.0,5.0,1.0,52.0,0.0,1,1,1,1,1,MMBA,MMBA9,22.6
STU0089,MMBA9-IMRT,0.0,0.0,0.0,0.0,0.0,0.0,1.0,1.0,0.0,,0,1,1,0,1,MMBA,MMBA9,19.7
STU0101,MMBA9-IMRT,3.0,56.0,18.666666666666668,6.013377943029549,0.0,1.0,64.0,0.6,18.0,0.0,1,1,1,1,1,MMBA,MMBA9,20.7
STU0076,MMBA9-IMRT,55.0,688.0,12.50909090909091,13.953619185433327,0.0377906976744186,0.7934942419708991,47.0,1.0,293.0,0.05425854292831744,1,1,1,1,1,MMBA,MMBA9,23.7
STU0113,MMBA9-IMRT,8.0,85.0,10.625,7.484100794743638,0.023529411764705882,0.0,16.0,1.0,39.0,0.024994142292144444,1,1,1,1,1,MMBA,MMBA9,21.6
STU0126,MMBA9-IMRT,0.0,0.0,0.0,0.0,0.0,0.0,7.0,0.8,0.0,,0,1,1,0,1,MMBA,MMBA9,19.7
STU0136,MMBA9-IMRT,0.0,0.0,0.0,0.0,0.0,0.0,17.0,1.0,0.0,,0,1,1,0,1,MMBA,MMBA9,19.7
STU0075,MMBA9-IMRT,42.0,610.0,14.523809523809524,12.430066668246361,0.021311475409836064,0.176245528952086,12.0,0.8,254.0,0.020345735960199774,1,1,1,1,1,MMBA,MMBA9,21.1
STU0085,MMBA9-IMRT,0.0,0.0,0.0,0.0,0.0,0.0,6.0,1.0,0.0,,0,1,1,0,1,MMBA,MMBA9,18.2
STU0137,MMBA9-IMRT,77.0,680.0,8.831168831168831,12.271439821557927,0.022058823529411766,0.2391228397697649,84.0,1.0,265.0,0.06643726655177433,1,1,1,1,1,MMBA,MMBA9,23.5
STU0120,MMBA9-IMRT,1.0,5.0,5.0,2.23606797749979,0.0,1.0,4.0,0.8,2.0,0.0,1,1,1,1,1,MMBA,MMBA9,20.6
STU0084,MMBA9-IMRT,0.0,0.0,0.0,0.0,0.0,0.0,9.0,1.0,0.0,,0,1,1,0,1,MMBA,MMBA9,22.399999999999995
STU0129,MMBA9-IMRT,7.0,33.0,4.714285714285714,5.396407334626633,0.0,1.0,24.0,1.0,17.0,0.0,1,1,1,1,1,MMBA,MMBA9,22.5
STU0138,MMBA9-IMRT,0.0,0.0,0.0,0.0,0.0,0.0,7.0,1.0,0.0,,0,1,1,0,1,MMBA,MMBA9,14.3
STU0104,MMBA9-IMRT,27.0,424.0,15.703703703703704,11.655430348287169,0.02122641509433962,0.21432579868161383,4.0,1.0,179.0,0.06666652918471655,1,1,1,1,1,MMBA,MMBA9,21.5
STU0127,MMBA9-IMRT,7.0,83.0,11.857142857142858,7.024912639340182,0.024096385542168676,1.0,0.0,1.0,36.0,0.04770119871383743,1,0,1,1,1,MMBA,MMBA9,21.8
STU0119,MMBA9-IMRT,0.0,0.0,0.0,0.0,0.0,0.0,10.0,1.0,0.0,,0,1,1,0,1,MMBA,MMBA9,18.5
STU0090,MMBA9-IMRT,10.0,160.0,16.0,7.668523325908319,0.01875,1.0,17.0,1.0,56.0,0.0,1,1,1,1,1,MMBA,MMBA9,23.4
STU0096,MMBA9-IMRT,2.0,7.0,3.5,2.6457513110645903,0.0,1.0,4.0,1.0,2.0,0.0,1,1,1,1,1,MMBA,MMBA9,21.0
STU0115,MMBA9-IMRT,0.0,0.0,0.0,0.0,0.0,0.0,1.0,0.8,0.0,,0,1,1,0,1,MMBA,MMBA9,18.2
STU0100,MMBA9-IMRT,36.0,543.0,15.083333333333334,11.500980821333037,0.014732965009208104,0.7515480025000234,36.0,1.0,218.0,0.03613698637091645,1,1,1,1,1,MMBA,MMBA9,24.2
STU0132,MMBA9-IMRT,0.0,0.0,0.0,0.0,0.0,0.0,0.0,0.0,0.0,,0,0,0,0,1,MMBA,MMBA9,25.5
STU0079,MMBA9-IMRT,2.0,4.0,2.0,2.0,0.0,1.0,4.0,1.0,1.0,0.0,1,1,1,1,1,MMBA,MMBA9,22.2
STU0091,MMBA9-IMRT,0.0,0.0,0.0,0.0,0.0,0.0,9.0,0.8,0.0,,0,1,1,0,1,MMBA,MMBA9,17.0
STU0088,MMBA9-IMRT,14.0,209.0,14.928571428571429,9.476488154965223,0.014354066985645933,0.7979694910895578,41.0,1.0,92.0,0.06965381214655847,1,1,1,1,1,MMBA,MMBA9,22.3
STU0134,MMBA9-IMRT,62.0,772.0,12.451612903225806,12.308849337802677,0.015544041450777202,0.25970260309425786,17.0,1.0,300.0,0.029124762278847575,1,1,1,1,1,MMBA,MMBA9,22.8
STU0112,MMBA9-IMRT,16.0,182.0,11.375,8.894991799933214,0.01098901098901099,0.0,16.0,1.0,70.0,0.0,1,1,1,1,1,MMBA,MMBA9,24.1
STU0074,MMBA9-IMRT,0.0,0.0,0.0,0.0,0.0,0.0,4.0,0.8,0.0,,0,1,1,0,1,MMBA,MMBA9,18.8
STU0082,MMBA9-IMRT,10.0,88.0,8.8,7.248824356090754,0.045454545454545456,0.1514718625761431,28.0,1.0,35.0,0.0,1,1,1,1,1,MMBA,MMBA9,23.1
STU0118,MMBA9-IMRT,29.0,226.0,7.793103448275862,10.044370589089864,0.01327433628318584,0.21670229713099676,21.0,0.8,99.0,0.0,1,1,1,1,1,MMBA,MMBA9,22.9
STU0098,MMBA9-IMRT,0.0,0.0,0.0,0.0,0.0,0.0,1.0,1.0,0.0,,0,1,1,0,1,MMBA,MMBA9,18.4
STU0106,MMBA9-IMRT,2.0,67.0,33.5,6.352811106527871,0.0,1.0,9.0,1.0,24.0,0.03707006950851978,1,1,1,1,1,MMBA,MMBA9,20.6
STU0110,MMBA9-IMRT,18.0,245.0,13.61111111111111,10.158137383499044,0.02857142857142857,0.39907478742266844,9.0,1.0,100.0,0.04252296485339709,1,1,1,1,1,MMBA,MMBA9,20.4
STU0123,MMBA9-IMRT,8.0,66.0,8.25,6.154574548966636,0.015151515151515152,1.0,10.0,1.0,22.0,0.029308291775769015,1,1,1,1,1,MMBA,MMBA9,23.8
STU0114,MMBA9-IMRT,8.0,157.0,19.625,7.90106015622946,0.01910828025477707,1.0,11.0,1.0,58.0,0.0,1,1,1,1,1,MMBA,MMBA9,20.6
STU0130,MMBA9-IMRT,0.0,0.0,0.0,0.0,0.0,0.0,4.0,1.0,0.0,,0,1,1,0,1,MMBA,MMBA9,15.8
STU0078,MMBA9-IMRT,0.0,0.0,0.0,0.0,0.0,0.0,5.0,1.0,0.0,,0,1,1,0,1,MMBA,MMBA9,21.1
STU0097,MMBA9-IMRT,34.0,371.0,10.911764705882353,10.123895567197717,0.02425876010781671,0.4176767684346079,22.0,1.0,137.0,0.0031872881933286195,1,1,1,1,1,MMBA,MMBA9,24.8
STU0102,MMBA9-IMRT,19.0,311.0,16.36842105263158,9.923339599665498,0.02572347266881029,0.27071544944468307,15.0,1.0,133.0,0.023774540030520718,1,1,1,1,1,MMBA,MMBA9,22.0
STU0131,MMBA9-IMRT,0.0,0.0,0.0,0.0,0.0,0.0,8.0,0.0,0.0,,0,1,0,0,1,MMBA,MMBA9,20.1
STU0092,MMBA9-IMRT,12.0,239.0,19.916666666666668,6.791885387208084,0.04602510460251046,1.0,4.0,1.0,67.0,0.0,1,1,1,1,1,MMBA,MMBA9,19.7
STU0111,MMBA9-IMRT,26.0,304.0,11.692307692307692,9.578106889095952,0.009868421052631578,0.28820171064147126,46.0,1.0,126.0,0.0,1,1,1,1,1,MMBA,MMBA9,23.8
STU0080,MMBA9-IMRT,25.0,462.0,18.48,10.88666526166211,0.006493506493506494,0.5046886501064878,33.0,1.0,175.0,0.026363647065201508,1,1,1,1,1,MMBA,MMBA9,24.7
STU0117,MMBA9-IMRT,2.0,4.0,2.0,1.5,0.0,1.0,19.0,1.0,2.0,0.0,1,1,1,1,1,MMBA,MMBA9,21.7
STU0099,MMBA9-IMRT,15.0,314.0,20.933333333333334,9.255055426922846,0.0,0.717157287525381,5.0,1.0,108.0,0.0,1,1,1,1,1,MMBA,MMBA9,19.6
STU0121,MMBA9-IMRT,5.0,83.0,16.6,6.47609133939173,0.0,0.1514718625761431,9.0,1.0,27.0,0.0,1,1,1,1,1,MMBA,MMBA9,20.5
STU0024,MMBA9-IMRT,0.0,0.0,0.0,0.0,0.0,0.0,2.0,1.0,0.0,,0,1,1,0,1,MMBA,MMBA8,17.0
STU0139,MMBA9-IMRT,0.0,0.0,0.0,0.0,0.0,0.0,10.0,1.0,0.0,,0,1,1,0,1,MMBA,MMBA9,20.8
